time,supply_pressure,return_pressure
4:00,250345.5,250053.29
4:01,250360.4,250077.78
4:02,250400.07,250109.34
4:03,250408.29,250142.22
4:04,250443.58,250161.83
4:05,250477.43,250207.07
4:06,250491.26,250211.81
4:07,250533.07,250230.49
4:08,250541.93,250227.9
4:09,250556.26,250273.59
4:10,250587.49,250306.37
4:11,250606.92,250347.08
4:12,250652.02,250355.04
4:13,250696.57,250364.72
4:14,250709.95,250429.6
4:15,250719.85,250448.55
4:16,250748.37,250458.9
4:17,250793.46,250517.46
4:18,250810.03,250534.92
4:19,250824.51,250547.02
4:20,250838.34,250565.74
4:21,250878.1,250585.91
4:22,250892.88,250620.42
4:23,250936.54,250609.9
4:24,250949.65,250667.36
4:25,250953.7,250705.18
4:26,250996.35,250709.15
4:27,251044.24,250752.45
4:28,251037.69,250754.03
4:29,251069.75,250770.36
4:30,251110.91,250796.02
4:31,251120.15,250862.51
4:32,251140.65,250861.56
4:33,251173.47,250886.08
4:34,251195.37,250905.36
4:35,251213.73,250915.59
4:36,251270,250965.77
4:37,251266.54,250979.9
4:38,251315.36,251009.37
4:39,251329.72,251027.58
4:40,251352.25,251054.64
4:41,251388.13,251065.31
4:42,251413.88,251126.05
4:43,251428.25,251129.45
4:44,251443.59,251151.32
4:45,251493.66,251183.42
4:46,251490.47,251233.34
4:47,251499.03,251223.53
4:48,251540.09,251264.93
4:49,251530.92,251270.53
4:50,251589.21,251301.94
4:51,251620.2,251324.12
4:52,251634.93,251371.26
4:53,251639.99,251372.78
4:54,251668.78,251411.65
4:55,251693.73,251423.27
4:56,251710.62,251444.52
4:57,251731.28,251449.47
4:58,251769.48,251485.17
4:59,251784.12,251522.24
5:00,251822.47,251526.95
5:01,251833.38,251581.19
5:02,251857.85,251596.27
5:03,251873.31,251600.86
5:04,251897.75,251616.48
5:05,251919.18,251638.5
5:06,251971.36,251644.4
5:07,251961.02,251652
5:08,251996.37,251676.92
5:09,252004.18,251710.5
5:10,252034.37,251752.53
5:11,252070.67,251763.76
5:12,252086.7,251788.05
5:13,252091.11,251772.43
5:14,252148.84,251792.76
5:15,252153.13,251846.91
5:16,252186.27,251891.2
5:17,252203.55,251915.4
5:18,252210.86,251915.51
5:19,252240.18,251964.39
5:20,252260.33,251962.36
5:22,252275.59,251988.68
5:23,252322.32,252013.39
5:24,252336.26,252032.67
5:25,252350.03,252066.28
5:26,252376.5,252095.01
5:27,252411.99,252102.14
5:28,252421.26,252127.56
5:29,252436.67,252145.17
5:30,252468.17,252173.69
5:31,252471.89,252179.59
5:32,252505.6,252203.29
5:33,252531.89,252218.96
5:34,252561.21,252251.36
5:35,252606.33,252280.98
5:36,252588.39,252279.55
5:37,252609.85,252315.07
5:38,252658.61,252363.56
5:39,252668.05,252339.75
5:40,252680.06,252380.91
5:41,252705.6,252415.75
5:42,252733.23,252427.79
5:43,252744.08,252434.25
5:44,252764.58,252468.02
5:45,252788.93,252477.02
5:46,252820.67,252495.32
5:47,252841.71,252567.5
5:48,252863.17,252551.7
5:49,252893.87,252585.38
5:50,252889.81,252571.91
5:51,252910.88,252618.01
5:52,252951.71,252637.45
5:53,252967.21,252636.16
5:54,253002.64,252677.83
5:55,252997.43,252704.17
5:56,253033.49,252693.5
5:57,253066.75,252751.86
5:58,253078.01,252772.72
5:59,253123.34,252780.85
6:00,253126.32,252801.42
6:01,253153.62,252846.42
6:02,253172.64,252828.6
6:03,253195.91,252860.9
6:04,253200.8,252883.46
6:05,253226.58,252902.69
6:06,253246.19,252961.4
6:07,253263.89,252944.71
6:08,253292.59,252973.14
6:09,253322.51,252969.74
6:10,253340.9,253027.23
6:11,253374.01,253024.1
6:12,253371.89,253029.58
6:13,253400.65,253081.32
6:14,253443.21,253106.65
6:15,253464.52,253112.7
6:16,253468.72,253144.23
6:17,253504.6,253183.28
6:18,253521.95,253201.93
6:19,253559.05,253225.03
6:20,253536.34,253247.32
6:21,253581.61,253264.07
6:22,253619.46,253259.27
6:23,253632.99,253291.61
6:24,253629.06,253306.24
6:25,253670.04,253322.45
6:26,253669.83,253363.91
6:27,253698.56,253371.06
6:28,253759.41,253366.53
6:29,253726.96,253435.88
6:30,253784.36,253456.65
6:31,253815.8,253488.3
6:32,253807.34,253504.78
6:33,253856.09,253505.5
6:34,253874.03,253531.81
6:35,253888.99,253556.91
6:36,253917.07,253591.48
6:37,253933.82,253627.81
6:38,253944.28,253644.23
6:39,253986.6,253629.89
6:40,254010.47,253662.02
6:41,254037.44,253698.68
6:42,254027.66,253719.84
6:43,254071.35,253730.92
6:44,254089.15,253757.39
6:45,254114.18,253782.27
6:46,254120.89,253814.01
6:47,254166.39,253825.96
6:48,254144.28,253845.3
6:49,254193.51,253887.39
6:50,254214.17,253885.95
6:51,254235.12,253906.31
6:52,254272.28,253943.98
6:53,254289.15,253962.52
6:54,254320.44,253950.95
6:55,254353.49,254000.87
6:56,254362.94,254016.76
6:57,254386.54,254061.85
6:58,254403.02,254075.86
6:59,254421.09,254071.71
7:00,254435.15,254108.04
7:01,254470.26,254148.39
7:02,254479.77,254148.96
7:03,254510.52,254170.54
7:04,254532.9,254189.55
7:05,254563.3,254232.82
7:06,254587.68,254265.52
7:07,254610.54,254259.79
7:08,254620.43,254289.84
7:09,254641.44,254319.49
7:10,254677.27,254327.21
7:11,254693.69,254363.15
7:12,254723.58,254362.14
7:13,254735.05,254406.93
7:14,254771.05,254440.01
7:15,254809.68,254425.2
7:16,254805.3,254466.44
7:17,254838.41,254487.01
7:18,254849.76,254502.06
7:19,254878.97,254523.1
7:20,254910.59,254546.28
7:21,254948.14,254550.61
7:22,254930.82,254578.14
7:23,254947.07,254593.19
7:24,254993.08,254622.13
7:25,254985.06,254644.3
7:26,255016.48,254654.17
7:27,255031.59,254659.41
7:28,255053.7,254685.19
7:29,255071.4,254710.05
7:30,255078.61,254772.45
7:31,255100.25,254754.66
7:32,255121.35,254765.36
7:33,255142.48,254795.58
7:34,255174.58,254830.9
7:35,255192.25,254837.04
7:36,255205.21,254872.95
7:37,255233.62,254881.35
7:38,255255.31,254898.46
7:39,255278.32,254930.17
7:40,255306.04,254944.35
7:41,255317.54,254984.05
7:42,255330.12,254986.05
7:43,255365.52,254986.41
7:45,255402.95,255027.98
7:46,255390.88,255053.28
7:47,255423.61,255067.02
7:48,255456.98,255112.62
7:49,255486.88,255115.24
7:50,255525.17,255151.87
7:51,255520.05,255185.75
7:52,255553.45,255211.06
7:53,255582.12,255220.47
7:54,255594.73,255246.52
7:55,255637.44,255253.76
7:56,255654.54,255296.47
7:57,255660.65,255328.57
7:58,255700.74,255322.87
7:59,255718.17,255371.87
8:00,255747.5,255396.84
8:01,255773.84,255409.9
8:02,255784.9,255407.84
8:03,255819.17,255444.2
8:04,255831.39,255478.59
8:05,255846.47,255489.56
8:06,255883.13,255479.48
8:07,255892.25,255540.88
8:08,255926.13,255572.65
8:09,255941.06,255600.96
8:10,255976.11,255621.55
8:11,255956.59,255631
8:12,255995.45,255637.71
8:13,256029.55,255674.87
8:14,256063.25,255703.15
8:15,256080.75,255727.32
8:16,256109.98,255761.98
8:17,256136.12,255782.34
8:18,256125.12,255786.93
8:19,256186.78,255806.27
8:20,256201.33,255846.02
8:21,256230.74,255866.11
8:22,256267.28,255890.7
8:23,256279.56,255929.41
8:24,256323.28,255967.62
8:25,256353.35,255976.38
8:26,256365.9,255990.86
8:27,256424.43,256024.78
8:28,258413.14,258198.56
8:29,264689,264312.98
8:30,261597.25,261213.15
8:31,261167.08,260769.4
8:32,260875.25,260498.05
8:33,260662.29,260281.35
8:34,260473.49,260094.82
8:35,260318.4,259948.97
8:36,260200.17,259836.67
8:37,260084.66,259704.8
8:38,259980.86,259600.88
8:39,259897.38,259524.17
8:40,259811.43,259442.69
8:41,259708.82,259335.22
8:42,259670.32,259284.82
8:43,259567.38,259213.18
8:44,259488.28,259141.06
8:45,259399.92,259057.19
8:46,259333.64,258957.71
8:47,259262.92,258864.31
9:36,213295.8,213638.92
9:37,380783.83,182636.99
9:38,375931.86,169803.01
9:39,379228.17,166776.72
9:40,382420.12,175565.51
9:41,379528.61,173071.16
9:42,383443.74,175895.75
9:43,375601.56,170102.97
9:44,375375.9,165049.66
9:45,376712.26,166568.49
9:46,374556.15,167228.65
9:47,377057.55,167757.24
9:48,375039.88,168743.42
9:49,371788.86,164083.7
9:50,370618.82,160264.27
9:51,368785.29,159549.01
9:52,372812.57,160890.91
9:53,372433.57,162562.47
9:54,373113.45,163834.01
9:54,371977.54,163301.86
9:55,334006.46,168342.65
9:55,338318.32,169229.18
9:56,340836.29,171022.06
9:56,342712.79,172464.22
9:57,344343.87,173440.78
9:57,344921.32,174133.33
9:58,345968.69,174105.51
9:58,345999.57,174288.68
9:59,345852.49,174286.34
9:59,346047.25,174506.6
10:00,346122.89,174501.43
10:00,346167.71,175088.94
10:01,346108.29,174917.46
10:01,345986.55,175376.89
10:02,346411.26,175020.35
10:02,345724.02,175391.09
10:03,345853.45,175594.97
10:03,345890.25,175612.82
10:04,346256.79,175660.94
10:04,346685.05,175637.42
10:05,347235.05,176073.19
10:05,347278.68,176009.07
10:06,346045.94,176201.11
10:06,347113.85,176661.16
10:07,347387.19,176688.51
10:07,347422.75,176989.84
10:08,347871.3,177423.82
10:08,349059.79,178314.05
10:09,349144.58,178767.14
10:09,349801.54,179359.18
10:10,350337.09,179940.15
10:10,350866.05,180677.74
10:11,351088.17,180691.73
10:11,351442.93,180699.94
10:12,351613.91,181156.17
10:12,352063.15,181456.25
10:13,352344.72,181689.62
10:13,352393.72,181658.16
10:14,351829.35,181331.5
10:14,351832.63,181267.89
10:15,351667.49,181361.88
10:15,351730.2,181030.27
10:16,351649.79,181308.63
10:16,351987,181016.76
10:17,352357.45,180987.75
10:17,351917.62,180974.41
10:18,351519.44,180856.97
10:18,351792.72,181265.8
10:19,351716.28,180951.37
10:19,351514.91,181030.62
10:20,351305.1,180908.35
10:20,351100,180877.12
10:21,351731.48,180787.18
10:21,351135.85,181019.96
10:22,351577.1,181030.87
10:22,350401.31,180759.59
10:23,350926.97,180653.6
10:23,350836.46,180737.08
10:24,350704.52,180533.83
10:24,351076.25,181041.94
10:25,352363.53,181928.65
10:25,352317.93,181880.94
10:26,352182.78,182285.46
10:26,352363.05,182512.04
10:27,352440.66,182027.85
10:27,350907.77,182232.11
10:28,352926.05,182305.14
10:28,352586.36,182393.7
10:29,352851.33,182826.92
10:29,352780.76,182138.29
10:30,352205.9,182153.7
10:30,352719.25,181883.51
10:31,352132.38,181699.83
10:31,351328.02,181735.96
10:32,351259.17,181832.24
10:32,351758.03,181194.74
10:33,352054.15,180970.59
10:33,351719.38,181388.05
10:34,351447.79,181170.72
10:34,350947.2,181059.24
10:35,350230.66,181203.22
10:35,351439.06,180757.37
10:36,351310.25,181017.1
10:36,351196.41,180806.55
10:37,350767.17,180915.27
10:37,351416.74,180694.06
10:38,350240.53,180562.53
10:38,349118.2,180677.64
10:39,351696.43,180694.22
10:39,350274.77,181148.32
10:40,351263.82,181650.39
10:40,351681.17,181781.37
10:41,352182.06,181514.75
10:41,351637.27,181759.39
10:42,352589.73,181776.76
10:42,352383.02,181880.46
10:43,352014.27,181807.4
10:43,352407.78,182029.71
10:44,353005.05,181823.05
10:44,352025.93,181396.26
10:45,351566.26,181576.79
10:45,351721.23,181089.01
10:46,351296.01,181035.74
10:46,351277.26,180899.92
10:47,351996.15,180774.9
10:47,351174.18,180412.01
10:48,351729.39,181353.35
10:48,351336.27,181008.83
10:49,351486,180535.63
10:49,350694.57,180795.62
10:49,351399.9,180531.76
10:50,350162.48,180830.87
10:50,351280.39,181047.99
10:50,351634.44,181606.14
10:51,351931.69,181578.32
10:51,351849.62,182174.12
10:57,351900.31,182484.18
10:58,352360.61,182102.31
10:59,352437.44,181912.91
11:00,352185.88,181566.91
11:01,352200.03,181313.22
11:02,351934.4,180960.6
11:03,351029.25,180502.33
11:07,351499.29,181381.67
11:17,351504.8,181350.13
11:19,351279.53,180927.23
11:20,351009.85,180778.25
11:21,351686.15,181282.86
11:22,353128.02,182491.15
11:23,352527.11,182951.41
11:26,352074.21,183212.41
11:28,352234.36,182754.4
11:29,352211.06,182026.42
11:30,336855.92,183552.88
11:31,337193.64,183698.1
11:32,337386.64,183429.73
11:33,337740.42,183829.87
11:34,337671.31,184104.11
11:35,337924.66,184358.87
11:36,339125.69,185554.97
11:37,340108.07,186347.5
11:38,340905.7,186851.32
11:39,340562.08,186967.83
11:40,340877.09,187107.21
11:41,341378.81,187287.78
11:42,340749.98,187242.21
11:43,341037.75,186968.27
11:44,340574.26,187472.91
11:45,341094.97,187207.59
11:46,341452.3,187144.46
11:47,341703.18,187467.63
11:48,341628.82,187504.84
11:49,342007.96,188255.09
11:50,343382.09,189452.37
11:51,343747.59,190061.08
11:52,343881.01,190501.57
11:53,344711.84,190855.13
11:54,345323.74,191470.49
11:55,344901.95,190961.57
11:56,345113.37,190508.13
11:57,344763.01,190298.3
11:58,344897.21,189963.09
11:59,346027.02,189950.6
12:00,346301.94,190093.09
12:01,346277.74,190504.52
12:02,347321.66,191432.28
12:03,347931.06,192542.75
12:04,348790.76,193101.15
12:05,349114.63,193245.08
12:06,349045.49,193282.43
12:07,348797.26,193190.93
12:08,349099.37,192749.52
12:09,348321.65,192514.18
12:10,348254.92,192332.43
12:11,347804.04,191791.7
12:12,348161.67,191606
12:13,347681.16,191716.4
12:14,347436.58,191544.68
12:15,348062.46,192363.01
12:16,348683.15,192633.3
12:17,348643.57,192716.36
12:18,348681.06,192683.71
12:19,348746.21,192629.77
12:20,348538.76,192766.9
12:21,348276.7,192416.04
12:22,348984.09,192989.83
12:23,349012.55,193376.85
12:24,349953.26,193599.61
12:25,349841,193590.36
12:26,349585.74,193434.4
12:27,348924.93,193294.85
12:28,348875.31,192917.6
12:29,349450.59,193272.47
12:30,350227.95,194100.11
12:31,350345.94,194148.12
12:32,350658.24,194275.62
12:33,350401.55,194006.9
12:34,350754.08,194091.51
12:35,350159.17,193844.6
12:36,350759.12,194440.02
12:37,350750.12,195011.44
12:38,350998.1,195181.94
12:39,351487.46,195283.41
12:40,351234.7,195125.01
12:41,350692.24,194995.61
12:42,350318.1,194753.54
12:43,350758.91,195083.77
12:45,352092.74,195787.88
12:46,351756.33,196215.48
12:47,352095.22,196153.25
12:48,351759.46,195928.44
12:49,351696.52,195698.71
12:50,350020.23,195304.32
12:51,351127.12,194927.42
12:52,350486.37,195596.89
12:53,351435.66,196175.83
12:54,351656.08,196194.6
12:55,351941.62,196199.1
12:56,351917.62,196057.14
12:57,351645.56,195984.6
12:58,351343.6,195540.34
12:59,351104.08,195704.62
13:00,351724.54,196827.8
13:01,352220.54,196732.42
13:02,352521.84,196807.12
13:03,352184.5,196588.5
13:04,351893.72,196502.73
13:05,351218.37,196173.49
13:06,350671.68,195633.63
13:07,351137.88,195799.65
13:08,351697.39,196473.9
13:09,351225.97,196799.43
13:10,352135.33,197172.39
13:11,351722.42,196677.24
13:12,350421.28,196648.81
13:13,350750.36,196337.8
13:14,350450.04,195703.7
13:15,350700.05,196389.08
13:16,351205.44,197027.5
13:17,351760.98,197171.33
13:18,351433.37,197136.58
13:19,351835.22,197059.36
13:20,351078.66,197037.94
13:21,351419.54,196350.19
13:22,350279.54,196049.05
13:23,349953.62,195859.39
13:24,349868.3,195573.69
13:25,350766.18,195984.93
13:26,351120.89,196651.35
13:27,351166.58,196829.83
13:28,350933.7,197015.81
13:29,350474.18,196966.35
13:30,350700.44,196613.83
13:31,350618.03,196089.73
13:32,350152.19,195593.76
13:33,349245.07,195543.32
13:34,348957.96,194811.87
13:35,349436.37,195306.03
13:36,349819.69,195955.87
13:37,350305.94,196352.81
13:38,350421.37,196697.24
13:39,350028.66,196146.79
13:40,349926.26,195843.46
13:41,349869.55,195885.24
13:42,349988.55,195243.25
13:43,349433.66,195082.77
13:44,348808.14,194627.9
13:45,348762.96,195874.56
13:46,350030,196298.26
13:47,350402.5,196481.81
13:48,350404.68,196369.13
13:49,350602.84,196818.92
13:50,350925.36,196725.59
13:51,350560.96,195949.23
13:52,349061.25,195822.39
13:53,349322.94,195226.65
13:54,349793.82,195680.02
13:55,349185.47,194671.51
13:56,349054.25,194417.4
13:57,348518.43,194234.85
13:58,348306.03,194214.52
13:59,347948.94,194191.92
14:00,348944.07,194872.36
14:01,349222.36,195294.53
14:02,349708.38,195408.43
14:03,350753.66,195669.56
14:04,349432.59,195727.21
14:05,349096.42,194980.31
14:06,348454.48,194567.44
14:07,348671.23,194404.47
14:08,347456.84,194167.76
14:09,347891.39,194450.13
14:10,348371.65,194487.63
14:11,348945.41,195273.62
14:12,349344.19,195899.23
14:13,349642.72,196334.48
14:14,350081.26,196155.25
14:15,349166.13,196173.3
14:16,348850.85,195418.48
14:17,348954.86,194732.44
14:18,348079.59,194432.48
14:19,347890.23,193896.03
14:20,347161.89,193831.92
14:21,348134.64,193737.24
14:22,347014.78,194138.35
14:23,349438.97,194667.26
14:25,348957.36,195309.16
14:26,349490.46,195145.56
14:27,349543.01,195350.92
14:28,350107.85,195458.37
14:29,348980.31,194765.31
14:30,348166.53,194569.84
14:31,347766.61,194174.5
14:32,348043.71,193890.33
14:33,347828.72,193249.42
14:34,347604.72,193075.9
14:35,347267.57,193251.64
14:36,346925.85,193970.25
14:37,348392.43,194273.05
14:38,348326.41,194311.19
14:39,348086.63,193753.35
14:40,347608.09,193986.73
14:41,347608.75,193561.6
14:42,347533.23,192885.73
14:43,346846.73,192647.43
14:44,346628.13,192539.35
14:45,346402.02,192147.57
14:46,346452.15,192261.06
14:47,345711.23,193177.67
14:48,347686.77,194043.2
14:49,347843.53,193750.32
14:50,347629.28,193799.09
14:51,347469,193991.82
14:52,347713.5,193801.12
14:53,346971.9,193292.6
14:54,346535.24,192957.86
14:55,346581.97,192482.92
14:56,346635.28,192615.49
14:57,346821.64,192369.86
14:58,346261.23,192601.92
14:59,346694.98,193313.84
15:00,348008.28,194026.53
15:01,347726.61,193895.12
15:02,347136.94,194198.37
15:03,347492.34,193959.76
15:04,346353.08,192936.82
15:05,346644.16,192586.27
15:06,346221.83,192104.46
15:07,346437.04,192454.73
15:08,345371.75,191700.82
15:09,345629.01,191720.02
15:10,346295,193085.98
15:11,346993.57,193027.94
15:12,347340.26,193621.47
15:13,347764.61,193194.63
15:14,346907.02,193678.07
15:15,345950.72,193173.51
15:16,346731.99,192503.5
15:17,346309.36,191931.35
15:18,345721.48,192169.43
15:19,345692.4,192455.99
15:20,346234.65,192022.28
15:21,346492.2,192800.37
15:22,347834.8,193379.34
15:23,348288.98,194045.25
15:24,347731.53,194152.09
15:25,347579.03,194315.93
15:26,347520.11,193702.92
15:27,346411.85,192833.87
15:28,346527.28,192754.66
15:29,346415.76,192203.73
15:30,346340.15,192071.96
15:31,346234.08,191933.47
15:32,345357.12,192011.54
15:33,346357.38,192617.16
15:34,347001.94,193533.52
15:35,347466.2,193664.31
15:36,347729.74,193983.87
15:37,347685.28,194194.23
15:38,348389.57,194368.05
15:39,346807.57,193502.43
15:40,346435.61,192621.44
15:41,346397.16,192367.33
15:42,346860.17,192182.87
15:43,346137.61,192420.39
15:44,346186.97,192187.94
15:45,346409.53,192191.56
15:46,347066.97,193158.19
15:47,348173.35,194522.43
15:48,348367.78,195021.24
15:49,348667.09,194938.54
15:50,348406.97,194656.37
15:51,348593.8,194544.08
15:52,347586.96,194069.65
15:53,347607.17,193268.05
15:54,346924.45,192869.31
15:55,346792.34,192900.11
15:56,345889.87,192682.8
15:57,346147.66,192644.49
15:58,346452.77,192286.94
15:59,346684.22,193518.62
16:00,347308.7,193616.78
16:01,347778.8,194181
16:02,347291.41,193876.22
16:03,347633.12,194159.66
16:04,347501.01,194160.31
16:05,346577.2,192924.59
16:06,346467.38,192530.62
16:07,345176.07,192166.06
16:08,345683.75,192203.76
16:09,346354.42,192283.02
16:11,346356.06,192982.42
16:12,346529.69,193532.66
16:13,347136.56,193464.67
16:14,346987.84,193043.9
16:15,347086.37,193085.64
16:16,346420.85,193274.57
16:17,346103.25,192192.35
16:18,345349.01,191581.09
16:19,345891.36,191331.67
16:20,345557.87,191168.86
16:21,345210.34,192092.43
16:22,345378.94,192012.55
16:23,346041.38,192489.27
16:24,346055.21,192445.92
16:25,346146.49,192577.03
16:26,346589.57,192151.53
16:27,345242.35,191589.34
16:28,346039.15,192431.29
16:29,345962.23,192467.41
16:30,347037.05,193144.63
16:31,346726.15,192878.95
16:32,346700.4,192910.03
16:33,346256.46,192557.72
16:34,347098.92,191916.79
16:35,345617.26,191440.78
16:36,345720.26,191410.05
16:37,344973.8,191730.93
16:38,345397.83,191711.54
16:39,345730.99,192507.42
16:40,347020.8,192736.36
16:41,346866.19,192568.5
16:42,346445.17,192750.45
16:43,346624.28,192939.61
16:44,345729.38,191768.94
16:45,345094.8,191425.06
16:46,344517.65,191241.28
16:47,344540.54,190834.25
16:48,344230.5,191377.97
16:49,345292.72,191942.5
16:50,345839.8,191858.04
16:51,345865.13,191858.02
16:52,345495.43,192098.96
16:53,345446.65,192238.32
16:54,345485.06,191595.96
16:55,345059.69,191819
16:56,345786.99,191799.54
16:57,345933.5,192731.45
16:58,346476.67,193427.4
16:59,345763.21,193066.69
17:00,346438.14,192961.13
17:01,345835.33,192783.06
17:02,345760.46,191872.51
17:03,345330.21,191646.35
17:04,344984.95,191056.39
17:05,344664.63,190675.45
17:06,344182.79,190811.81
17:07,345207.6,191652.06
17:08,345658.63,192313.34
17:09,345018.03,191950.69
17:10,345706.91,191604.18
17:11,345102.91,191516.85
17:12,344965.16,191375.23
17:13,344996.09,191303.67
17:14,345196.4,191668.23
17:15,345651.98,192378.09
17:16,345936.54,192300.51
17:17,346396.09,192656.86
17:18,345995.01,192186.42
17:19,345486.4,192281.23
17:20,346072.49,191717.64
17:21,345020.35,191554.75
17:22,345528.42,191032.16
17:23,344663.32,190705.63
17:24,344061.55,191386.37
17:25,345607.52,192352.67
17:26,346012.41,192347.42
17:27,345784.72,192838.34
17:28,346309.72,192803.98
17:29,345856.04,192643.46
17:30,345841.88,191771.22
17:31,344808.31,191413.8
17:32,343950.15,191021.38
17:33,344595.85,190705.55
17:34,344713.21,191896.9
17:35,345937.88,192177.65
17:36,346137.82,192681.36
17:37,345786.27,192603.05
17:38,346196.74,192678.76
17:39,345957.88,192891.27
17:40,345271.53,191586.26
17:41,344854.68,190961.26
17:42,343713.76,191116.12
17:43,343794.76,190909.67
17:44,344175.04,190632.13
17:45,345118.85,191431.46
17:46,346126.97,192611.98
17:47,346271.49,192627.21
17:49,346437.99,193145.69
17:50,347240.33,193601.31
17:51,347715.8,194374.56
17:52,348255.25,195145.99
17:53,348303.74,195043.46
17:54,349122.29,195503.62
17:55,348728.06,196469.38
17:56,349655.75,196673.41
17:57,350514.11,197391.51
17:58,350860.86,197446.51
17:59,350904.94,198016.66
18:00,350846.95,198033.91
18:01,350821.52,198652.12
18:02,351815.07,198629.84
18:03,352497.79,198890.72
18:04,352878.81,199155.32
18:05,352855.86,199506.55
18:06,353787.63,200174.3
18:07,354351.07,200061.84
18:08,353308.83,200465.75
18:09,354473.11,200394.94
18:10,353539.02,200595.59
18:11,212758.93,212987.07
18:12,212886.8,213089.53
18:13,213040.23,213208.08
18:14,213154.26,213293.91
18:15,213269.64,213388.85
18:16,213397.59,213477.51
18:17,213500.07,213608.55
18:18,213645.86,213703.45
18:19,213750.48,213793.53
18:20,213891.98,213925.45
18:21,213993.4,214023.58
18:22,214099.74,214157.89
18:23,214201.91,214221.39
18:24,214304.6,214345.28
18:25,214451.88,214454.41
18:26,214555.58,214576.66
18:27,214647.99,214650.94
18:28,214764.91,214756.37
18:29,214871.42,214888.71
18:30,214984.51,214976.15
18:31,215106.26,215075.81
18:32,215187.19,215160.31
18:33,215308.73,215280
18:34,215416.51,215363.29
18:35,215503.72,215472.33
18:36,215621.62,215580.45
18:37,215699.17,215689.88
18:38,215833.11,215790.63
18:39,215928.41,215879.74
18:40,216015.79,215973.32
18:41,216092.54,216075.75
18:42,216209.95,216202.39
18:43,216307.85,216265.25
18:44,216400.41,216370.46
18:45,216523.26,216467.16
18:46,216612.99,216580.24
18:47,216718.45,216668.96
18:48,216799.01,216721.49
18:49,216893.54,216824.67
18:50,216975.67,216940.3
18:51,217076.85,217006.12
18:52,217165.07,217067.51
18:53,217239.42,217176.57
18:54,217349.72,217270.88
18:55,217442.63,217353.05
18:56,217540.32,217432.22
18:57,217627.23,217558.88
18:58,217725.95,217634.16
18:59,217824.25,217738.76
19:00,217919.66,217837.32
19:01,217976.73,217901.95
19:02,218091.41,218003.44
19:03,218178.15,218075.96
19:04,218283.65,218183.2
19:05,218365.71,218272
19:06,218466.65,218344.85
19:07,218538.82,218459.35
19:08,218632.94,218510.72
19:09,218713.85,218607.25
19:10,218812.38,218713.4
19:11,218890.15,218778.42
19:12,219009.25,218879.37
19:13,219078.12,218964.64
19:14,219176.89,219046.18
19:15,219261.02,219147.41
19:16,219359.7,219236.69
19:17,219411.73,219322.37
19:18,219545.51,219386.03
19:19,219612.7,219511.12
19:20,219687.57,219594.17
19:21,219774.14,219655.29
19:22,219889.98,219757.2
19:23,219954.52,219823.64
19:24,220060.87,219918.3
19:25,220135.57,219950.84
19:26,220212.59,220071.73
19:27,220305.79,220173.95
19:28,220375.37,220278.35
19:29,220489.17,220347.37
19:30,220577.23,220420.09
19:31,220643.28,220493.15
19:32,220727.19,220597.58
19:33,220806.03,220668.2
19:34,220885.04,220748.08
19:35,220996.16,220851.06
19:36,221054.24,220934.75
19:37,221132.31,221003.67
19:38,221234.41,221077.71
19:39,221299.53,221168.62
19:40,221413.91,221243.1
19:41,221469.76,221311.08
19:42,221539.77,221384.47
19:43,221642.91,221478.57
19:44,221711.74,221552.45
19:45,221798.78,221645.71
19:46,221870.72,221714.82
19:47,221929.01,221788.32
19:48,222056.14,221859.38
19:49,222102.66,221943.94
19:50,222204.79,222036.51
19:51,222280.44,222112.69
19:52,222350.21,222188.56
19:53,222428.01,222260.19
19:54,222510.17,222325.71
19:55,222583.32,222393.81
19:56,222664.13,222451.28
19:57,222735.09,222546.95
19:58,222819.64,222639.38
19:59,222874.92,222683.15
20:00,222958.21,222773.84
20:01,223048.4,222846.94
20:02,223129.63,222927.3
20:03,223210.65,222993.33
20:04,223276.39,223078.22
20:05,223357.41,223130.66
20:06,223383.69,223207.47
20:07,223471.55,223280.15
20:08,223545.12,223346.96
20:09,223624.77,223418.8
20:10,223701.34,223495.84
20:11,223745.39,223560.94
20:13,223830.76,223616.64
20:14,223933.38,223735.44
20:15,223999.96,223795.46
20:16,224059.78,223876.34
20:17,224136.32,223920.02
20:18,224213.69,223997.85
20:19,224297.54,224077.21
20:20,224369.39,224159.72
20:21,224431.04,224238.04
20:22,224513.84,224287.96
20:23,224562.64,224377.32
20:24,224647.66,224459.35
20:25,224714.41,224522.46
20:26,224788.26,224591.69
20:27,224875.64,224636.12
20:28,224930.88,224724.64
20:29,225014.15,224789.98
20:30,225066.48,224842.91
20:31,225145.52,224960.51
20:32,225211.41,225000.05
20:33,225286.66,225091.29
20:34,225353.52,225143.05
20:35,225426.87,225204.26
20:36,225493.49,225280.82
20:37,225581.94,225333.02
20:38,225665.52,225420.82
20:39,225713.52,225496.66
20:40,225799.31,225552.77
20:41,225853.71,225631.67
20:42,225925.55,225679.31
20:43,225990.86,225772.95
20:44,226043.51,225834.98
20:45,226136.04,225901.28
20:46,226213.31,225958
20:47,226278.66,226017.89
20:48,226350.9,226084.52
20:49,226426.85,226159.93
20:50,226512.49,226226.78
20:51,226550.46,226301.67
20:52,226606.38,226360.77
20:53,226685.37,226421.4
20:54,226756.62,226482.39
20:55,226826.97,226574.93
20:56,226902.93,226649.42
20:57,226966.93,226712.45
20:58,227038.15,226757.85
20:59,227100.34,226825.12
21:00,227152.11,226865.78
21:01,227201.55,226946.38
21:02,227295.19,227005.75
21:03,227363.8,227065.88
21:04,227434.47,227161.5
21:05,227491.07,227238.18
21:06,227568.13,227285.85
21:07,227642.1,227380.47
21:08,227698.37,227424.92
21:09,227762.76,227494.63
21:10,227847.8,227549.23
21:11,227895.99,227599.68
21:12,227952.87,227670.82
21:13,228009.24,227723.52
21:14,228071.33,227814.41
21:15,228149.01,227878.56
21:16,228203.58,227936.21
21:17,228277.58,227992.55
21:18,228346.84,228059.47
21:19,228415.95,228135.11
21:20,228471.59,228171.27
21:21,228537.14,228224.25
21:22,228600.89,228308.44
21:23,228661.79,228353.8
21:24,228734.36,228412.75
21:25,228790.21,228488.8
21:26,228858.13,228553.52
21:27,228912.29,228605.11
21:28,228957.12,228647.22
21:29,229005.41,228738.19
21:30,229075.07,228797.14
21:31,229148.36,228860.69
21:32,229195.15,228914.83
21:33,229279.77,228969.28
21:34,229335.7,229040.09
21:35,229401.6,229104.4
21:36,229458.81,229157.19
21:37,229518.53,229211.24
21:38,229590.43,229297.1
21:39,229640.44,229349.52
21:40,229713.19,229409.13
21:41,229785.35,229496.46
21:42,229839.4,229548.02
21:43,229917.69,229590.48
21:44,229983.79,229663.46
21:45,230037.24,229727.79
21:46,230097.8,229792.07
21:47,230163.41,229841.4
21:48,230225,229898.3
21:49,230262.29,229983.88
21:50,230345.28,230048.46
21:51,230421.81,230095.68
21:52,230459.17,230143.29
21:53,230530.78,230192.12
21:54,230564.79,230253.89
21:55,230639.56,230313.94
21:56,230699.38,230370.98
21:57,230778.04,230424.33
21:58,230818.64,230479.36
21:59,230899.47,230549.11
