time,outdoor_temp,supply_pressure,return_pressure,return_temp
4:00,26.38,250345.5,250053.29,24.55
4:01,26.38,250360.4,250077.78,24.55
4:02,26.38,250400.07,250109.34,24.55
4:03,26.38,250408.29,250142.22,24.55
4:04,26.38,250443.58,250161.83,24.55
4:05,26.38,250477.43,250207.07,24.55
4:06,26.38,250491.26,250211.81,24.55
4:07,26.38,250533.07,250230.49,24.55
4:08,26.38,250541.93,250227.9,24.55
4:09,26.38,250556.26,250273.59,24.55
4:10,26.38,250587.49,250306.37,24.55
4:11,26.38,250606.92,250347.08,24.55
4:12,26.38,250652.02,250355.04,24.55
4:13,26.38,250696.57,250364.72,24.55
4:14,26.38,250709.95,250429.6,24.55
4:15,26.38,250719.85,250448.55,24.62
4:16,26.38,250748.37,250458.9,24.62
4:17,26.38,250793.46,250517.46,24.62
4:18,26.38,250810.03,250534.92,24.62
4:19,26.38,250824.51,250547.02,24.62
4:20,26.38,250838.34,250565.74,24.62
4:21,26.38,250878.1,250585.91,24.62
4:22,26.38,250892.88,250620.42,24.62
4:23,26.38,250936.54,250609.9,24.62
4:24,26.38,250949.65,250667.36,24.62
4:25,26.38,250953.7,250705.18,24.62
4:26,26.38,250996.35,250709.15,24.62
4:27,26.38,251044.24,250752.45,24.65
4:28,26.38,251037.69,250754.03,24.65
4:29,26.38,251069.75,250770.36,24.65
4:30,26.32,251110.91,250796.02,24.65
4:31,26.38,251120.15,250862.51,24.65
4:32,26.28,251140.65,250861.56,24.65
4:33,26.28,251173.47,250886.08,24.65
4:34,26.28,251195.37,250905.36,24.65
4:35,26.28,251213.73,250915.59,24.83
4:36,26.28,251270,250965.77,24.83
4:37,26.28,251266.54,250979.9,24.83
4:38,26.28,251315.36,251009.37,24.83
4:39,26.18,251329.72,251027.58,24.83
4:40,26.11,251352.25,251054.64,24.83
4:41,26.11,251388.13,251065.31,24.83
4:42,26.11,251413.88,251126.05,24.83
4:43,26.11,251428.25,251129.45,24.83
4:44,26.11,251443.59,251151.32,24.83
4:45,26.11,251493.66,251183.42,24.83
4:46,26.11,251490.47,251233.34,24.83
4:47,26.18,251499.03,251223.53,24.83
4:48,26.11,251540.09,251264.93,24.83
4:49,26.11,251530.92,251270.53,24.83
4:50,26.11,251589.21,251301.94,24.83
4:51,26.11,251620.2,251324.12,24.83
4:52,26.11,251634.93,251371.26,24.83
4:53,26.11,251639.99,251372.78,24.83
4:54,26.11,251668.78,251411.65,24.83
4:55,26.11,251693.73,251423.27,24.83
4:56,26.11,251710.62,251444.52,24.83
4:57,26.11,251731.28,251449.47,24.83
4:58,26.11,251769.48,251485.17,24.83
4:59,26.11,251784.12,251522.24,24.83
5:00,26.11,251822.47,251526.95,24.89
5:01,26.11,251833.38,251581.19,24.89
5:02,26.11,251857.85,251596.27,24.89
5:03,26.11,251873.31,251600.86,24.89
5:04,26.11,251897.75,251616.48,24.89
5:05,26.11,251919.18,251638.5,24.89
5:06,26.11,251971.36,251644.4,24.89
5:07,26.11,251961.02,251652,24.89
5:08,26.11,251996.37,251676.92,24.89
5:09,26.18,252004.18,251710.5,24.89
5:10,26.11,252034.37,251752.53,24.89
5:11,26.11,252070.67,251763.76,24.89
5:12,26.32,252086.7,251788.05,24.89
5:13,26.32,252091.11,251772.43,24.93
5:14,26.32,252148.84,251792.76,24.93
5:15,26.28,252153.13,251846.91,24.93
5:16,26.32,252186.27,251891.2,24.93
5:17,26.38,252203.55,251915.4,24.93
5:18,26.32,252210.86,251915.51,24.93
5:19,26.32,252240.18,251964.39,24.93
5:20,26.38,252260.33,251962.36,24.93
5:22,26.32,252275.59,251988.68,24.93
5:23,26.38,252322.32,252013.39,24.93
5:24,26.32,252336.26,252032.67,24.93
5:25,26.28,252350.03,252066.28,24.93
5:26,26.32,252376.5,252095.01,24.93
5:27,26.28,252411.99,252102.14,25.1
5:28,26.32,252421.26,252127.56,25.1
5:29,26.28,252436.67,252145.17,25.1
5:30,26.11,252468.17,252173.69,25.1
5:31,26.11,252471.89,252179.59,25.1
5:32,26.11,252505.6,252203.29,25.1
5:33,26.11,252531.89,252218.96,25.1
5:34,26.18,252561.21,252251.36,25.1
5:35,26.11,252606.33,252280.98,25.1
5:36,26.28,252588.39,252279.55,25.1
5:37,26.32,252609.85,252315.07,25.1
5:38,26.32,252658.61,252363.56,25.1
5:39,26.32,252668.05,252339.75,25.1
5:40,26.38,252680.06,252380.91,25.1
5:41,26.38,252705.6,252415.75,25.1
5:42,26.38,252733.23,252427.79,25.1
5:43,26.38,252744.08,252434.25,25.1
5:44,26.38,252764.58,252468.02,25.1
5:45,26.38,252788.93,252477.02,25.1
5:46,26.38,252820.67,252495.32,25.1
5:47,26.38,252841.71,252567.5,25.1
5:48,26.38,252863.17,252551.7,25.1
5:49,26.38,252893.87,252585.38,25.1
5:50,26.59,252889.81,252571.91,25.1
5:51,26.66,252910.88,252618.01,25.1
5:52,26.59,252951.71,252637.45,25.1
5:53,26.66,252967.21,252636.16,25.1
5:54,26.59,253002.64,252677.83,25.1
5:55,26.59,252997.43,252704.17,25.1
5:56,26.66,253033.49,252693.5,25.1
5:57,26.59,253066.75,252751.86,25.17
5:58,26.59,253078.01,252772.72,25.17
5:59,26.59,253123.34,252780.85,25.17
6:00,26.59,253126.32,252801.42,25.17
6:01,26.66,253153.62,252846.42,25.17
6:02,26.66,253172.64,252828.6,25.17
6:03,26.66,253195.91,252860.9,25.17
6:04,26.66,253200.8,252883.46,25.17
6:05,26.66,253226.58,252902.69,25.17
6:06,26.73,253246.19,252961.4,25.17
6:07,26.66,253263.89,252944.71,25.17
6:08,26.73,253292.59,252973.14,25.17
6:09,26.83,253322.51,252969.74,25.17
6:10,26.94,253340.9,253027.23,25.17
6:11,26.94,253374.01,253024.1,25.17
6:12,26.87,253371.89,253029.58,25.2
6:13,26.94,253400.65,253081.32,25.2
6:14,26.94,253443.21,253106.65,25.2
6:15,26.94,253464.52,253112.7,25.2
6:16,26.94,253468.72,253144.23,25.2
6:17,26.94,253504.6,253183.28,25.2
6:18,26.94,253521.95,253201.93,25.2
6:19,26.94,253559.05,253225.03,25.2
6:20,26.94,253536.34,253247.32,25.2
6:21,26.94,253581.61,253264.07,25.2
6:22,26.94,253619.46,253259.27,25.2
6:23,26.94,253632.99,253291.61,25.2
6:24,27.11,253629.06,253306.24,25.38
6:25,27.14,253670.04,253322.45,25.38
6:26,27.21,253669.83,253363.91,25.38
6:27,27.21,253698.56,253371.06,25.38
6:28,27.21,253759.41,253366.53,25.38
6:29,27.21,253726.96,253435.88,25.38
6:30,27.21,253784.36,253456.65,25.38
6:31,27.21,253815.8,253488.3,25.38
6:32,27.21,253807.34,253504.78,25.38
6:33,27.21,253856.09,253505.5,25.38
6:34,27.21,253874.03,253531.81,25.38
6:35,27.21,253888.99,253556.91,25.38
6:36,27.28,253917.07,253591.48,25.38
6:37,27.21,253933.82,253627.81,25.38
6:38,27.42,253944.28,253644.23,25.38
6:39,27.49,253986.6,253629.89,25.38
6:40,27.49,254010.47,253662.02,25.38
6:41,27.49,254037.44,253698.68,25.38
6:42,27.49,254027.66,253719.84,25.38
6:43,27.55,254071.35,253730.92,25.38
6:44,27.49,254089.15,253757.39,25.38
6:45,27.76,254114.18,253782.27,25.38
6:46,27.69,254120.89,253814.01,25.38
6:47,27.76,254166.39,253825.96,25.38
6:48,27.76,254144.28,253845.3,25.38
6:49,27.76,254193.51,253887.39,25.38
6:50,27.76,254214.17,253885.95,25.38
6:51,27.76,254235.12,253906.31,25.38
6:52,27.76,254272.28,253943.98,25.45
6:53,27.76,254289.15,253962.52,25.45
6:54,27.76,254320.44,253950.95,25.45
6:55,27.76,254353.49,254000.87,25.45
6:56,27.76,254362.94,254016.76,25.45
6:57,27.76,254386.54,254061.85,25.45
6:58,27.76,254403.02,254075.86,25.45
6:59,27.76,254421.09,254071.71,25.45
7:00,27.97,254435.15,254108.04,25.45
7:01,27.97,254470.26,254148.39,25.45
7:02,27.97,254479.77,254148.96,25.45
7:03,28.04,254510.52,254170.54,25.45
7:04,28.04,254532.9,254189.55,25.45
7:05,28.04,254563.3,254232.82,25.48
7:06,28.04,254587.68,254265.52,25.48
7:07,28.04,254610.54,254259.79,25.48
7:08,28.04,254620.43,254289.84,25.48
7:09,28.1,254641.44,254319.49,25.48
7:10,28.04,254677.27,254327.21,25.48
7:11,28.1,254693.69,254363.15,25.48
7:12,28.31,254723.58,254362.14,25.48
7:13,28.31,254735.05,254406.93,25.65
7:14,28.31,254771.05,254440.01,25.65
7:15,28.25,254809.68,254425.2,25.65
7:16,28.25,254805.3,254466.44,25.65
7:17,28.25,254838.41,254487.01,25.65
7:18,28.04,254849.76,254502.06,25.65
7:19,28.04,254878.97,254523.1,25.65
7:20,28.04,254910.59,254546.28,25.65
7:21,28.04,254948.14,254550.61,25.65
7:22,28.04,254930.82,254578.14,25.65
7:23,28.04,254947.07,254593.19,25.65
7:24,27.97,254993.08,254622.13,25.65
7:25,27.76,254985.06,254644.3,25.65
7:26,27.76,255016.48,254654.17,25.65
7:27,27.76,255031.59,254659.41,25.65
7:28,27.76,255053.7,254685.19,25.65
7:29,27.76,255071.4,254710.05,25.65
7:30,27.76,255078.61,254772.45,25.65
7:31,27.69,255100.25,254754.66,25.65
7:32,27.69,255121.35,254765.36,25.65
7:33,27.76,255142.48,254795.58,25.65
7:34,27.76,255174.58,254830.9,25.65
7:35,27.76,255192.25,254837.04,25.65
7:36,27.76,255205.21,254872.95,25.65
7:37,27.83,255233.62,254881.35,25.65
7:38,27.97,255255.31,254898.46,25.65
7:39,28.04,255278.32,254930.17,25.65
7:40,28.04,255306.04,254944.35,25.65
7:41,28.31,255317.54,254984.05,25.65
7:42,28.31,255330.12,254986.05,25.72
7:43,28.31,255365.52,254986.41,25.72
7:45,28.59,255402.95,255027.98,25.72
7:46,28.59,255390.88,255053.28,25.72
7:47,28.66,255423.61,255067.02,25.72
7:48,28.86,255456.98,255112.62,25.72
7:49,28.86,255486.88,255115.24,25.72
7:50,28.86,255525.17,255151.87,25.72
7:51,29.14,255520.05,255185.75,25.72
7:52,29.14,255553.45,255211.06,25.72
7:53,29.14,255582.12,255220.47,25.72
7:54,29.41,255594.73,255246.52,25.72
7:55,29.41,255637.44,255253.76,25.76
7:56,29.41,255654.54,255296.47,25.76
7:57,29.41,255660.65,255328.57,25.76
7:58,29.52,255700.74,255322.87,25.76
7:59,29.69,255718.17,255371.87,25.76
8:00,29.76,255747.5,255396.84,25.76
8:01,29.69,255773.84,255409.9,25.76
8:02,29.69,255784.9,255407.84,25.76
8:03,29.62,255819.17,255444.2,25.76
8:04,29.62,255831.39,255478.59,25.76
8:05,29.69,255846.47,255489.56,25.76
8:06,29.9,255883.13,255479.48,25.76
8:07,29.97,255892.25,255540.88,25.93
8:08,30.24,255926.13,255572.65,25.93
8:09,30.24,255941.06,255600.96,25.93
8:10,30.24,255976.11,255621.55,25.93
8:11,30.24,255956.59,255631,25.93
8:12,30.24,255995.45,255637.71,25.93
8:13,30.24,256029.55,255674.87,25.93
8:14,30.24,256063.25,255703.15,25.93
8:15,30.24,256080.75,255727.32,25.93
8:16,30.17,256109.98,255761.98,25.93
8:17,29.97,256136.12,255782.34,25.93
8:18,29.9,256125.12,255786.93,25.93
8:19,29.97,256186.78,255806.27,25.93
8:20,29.97,256201.33,255846.02,25.93
8:21,29.97,256230.74,255866.11,25.93
8:22,29.97,256267.28,255890.7,25.93
8:23,30.24,256279.56,255929.41,25.93
8:24,30.24,256323.28,255967.62,25.93
8:25,30.24,256353.35,255976.38,25.93
8:26,30.58,256365.9,255990.86,25.93
8:27,31.07,256424.43,256024.78,25.93
8:28,31.34,258413.14,258198.56,25.93
8:29,31.62,264689,264312.98,25.93
8:30,31.89,261597.25,261213.15,25.93
8:31,31.89,261167.08,260769.4,25.93
8:32,31.82,260875.25,260498.05,25.93
8:33,31.62,260662.29,260281.35,25.93
8:34,31.34,260473.49,260094.82,25.93
8:35,31.27,260318.4,259948.97,26
8:36,31,260200.17,259836.67,26
8:37,30.72,260084.66,259704.8,26
8:38,30.52,259980.86,259600.88,26
8:39,30.41,259897.38,259524.17,26
8:40,30.24,259811.43,259442.69,26
8:41,30.24,259708.82,259335.22,26
8:42,30.24,259670.32,259284.82,26
8:43,30.24,259567.38,259213.18,26.03
8:44,30.31,259488.28,259141.06,26.03
8:45,30.79,259399.92,259057.19,26.03
8:46,31.07,259333.64,258957.71,26.03
8:47,31.34,259262.92,258864.31,26.03
9:36,36.33,213295.8,213638.92,16.12
9:37,36.61,380783.83,182636.99,15.18
9:38,36.61,375931.86,169803.01,15.18
9:39,36.81,379228.17,166776.72,14.91
9:40,36.61,382420.12,175565.51,15.18
9:41,36.61,379528.61,173071.16,15.56
9:42,36.88,383443.74,175895.75,15.84
9:43,37.23,375601.56,170102.97,16.12
9:44,37.71,375375.9,165049.66,16.29
9:45,37.71,376712.26,166568.49,16.18
9:46,37.71,374556.15,167228.65,15.91
9:47,37.98,377057.55,167757.24,15.67
9:48,38.36,375039.88,168743.42,15.39
9:49,38.47,371788.86,164083.7,15.12
9:50,38.26,370618.82,160264.27,14.84
9:51,38.53,368785.29,159549.01,14.63
9:52,38.53,372812.57,160890.91,14.36
9:53,38.26,372433.57,162562.47,14.08
9:54,38.26,373113.45,163834.01,14.02
9:54,37.98,371977.54,163301.86,13.98
9:55,37.6,334006.46,168342.65,13.81
9:55,37.43,338318.32,169229.18,13.74
9:56,37.43,340836.29,171022.06,13.71
9:56,37.43,342712.79,172464.22,13.53
9:57,37.43,344343.87,173440.78,13.53
9:57,37.71,344921.32,174133.33,13.43
9:58,37.71,345968.69,174105.51,13.26
9:58,37.43,345999.57,174288.68,13.19
9:59,37.5,345852.49,174286.34,12.98
9:59,37.43,346047.25,174506.6,12.91
10:00,37.43,346122.89,174501.43,12.88
10:00,37.16,346167.71,175088.94,12.71
10:01,37.23,346108.29,174917.46,12.71
10:01,37.43,345986.55,175376.89,12.6
10:02,37.77,346411.26,175020.35,12.43
10:02,38.02,345724.02,175391.09,12.43
10:03,38.02,345853.45,175594.97,12.33
10:03,38.29,345890.25,175612.82,12.15
10:04,38.22,346256.79,175660.94,12.15
10:04,38.02,346685.05,175637.42,12.09
10:05,38.02,347235.05,176073.19,11.88
10:05,38.02,347278.68,176009.07,11.88
10:06,38.09,346045.94,176201.11,11.81
10:06,38.09,347113.85,176661.16,11.78
10:07,38.02,347387.19,176688.51,11.6
10:07,38.29,347422.75,176989.84,11.6
10:08,38.29,347871.3,177423.82,11.6
10:08,38.29,349059.79,178314.05,11.88
10:09,38.02,349144.58,178767.14,12.22
10:09,37.95,349801.54,179359.18,12.53
10:10,37.91,350337.09,179940.15,12.77
10:10,37.74,350866.05,180677.74,12.98
10:11,37.81,351088.17,180691.73,12.98
10:11,38.02,351442.93,180699.94,13.09
10:12,38.09,351613.91,181156.17,13.26
10:12,38.29,352063.15,181456.25,13.53
10:13,38.39,352344.72,181689.62,13.6
10:13,38.67,352393.72,181658.16,13.6
10:14,39.12,351829.35,181331.5,13.53
10:14,39.39,351832.63,181267.89,13.53
10:15,39.46,351667.49,181361.88,13.43
10:15,39.67,351730.2,181030.27,13.26
10:16,39.6,351649.79,181308.63,13.15
10:16,39.12,351987,181016.76,12.98
10:17,38.57,352357.45,180987.75,12.91
10:17,38.5,351917.62,180974.41,12.88
10:18,38.57,351519.44,180856.97,12.71
10:18,38.84,351792.72,181265.8,12.6
10:19,38.91,351716.28,180951.37,12.43
10:19,39.12,351514.91,181030.62,12.36
10:20,39.12,351305.1,180908.35,12.15
10:20,39.12,351100,180877.12,12.09
10:21,39.19,351731.48,180787.18,11.88
10:21,39.29,351135.85,181019.96,11.88
10:22,39.12,351577.1,181030.87,11.78
10:22,39.12,350401.31,180759.59,11.6
10:23,39.19,350926.97,180653.6,11.54
10:23,39.12,350836.46,180737.08,11.33
10:24,39.05,350704.52,180533.83,11.33
10:24,38.57,351076.25,181041.94,11.43
10:25,38.57,352363.53,181928.65,11.71
10:25,38.84,352317.93,181880.94,11.98
10:26,38.84,352182.78,182285.46,12.15
10:26,39.12,352363.05,182512.04,12.22
10:27,39.12,352440.66,182027.85,12.26
10:27,39.12,350907.77,182232.11,12.43
10:28,39.12,352926.05,182305.14,12.43
10:28,39.39,352586.36,182393.7,12.53
10:29,39.39,352851.33,182826.92,12.71
10:29,39.67,352780.76,182138.29,12.71
10:30,39.94,352205.9,182153.7,12.71
10:30,39.94,352719.25,181883.51,12.71
10:31,39.94,352132.38,181699.83,12.64
10:31,40.22,351328.02,181735.96,12.43
10:32,40.22,351259.17,181832.24,12.43
10:32,40.22,351758.03,181194.74,12.36
10:33,40.22,352054.15,180970.59,12.33
10:33,40.22,351719.38,181388.05,12.15
10:34,39.94,351447.79,181170.72,12.15
10:34,39.88,350947.2,181059.24,12.09
10:35,39.84,350230.66,181203.22,11.88
10:35,39.88,351439.06,180757.37,11.88
10:36,39.67,351310.25,181017.1,11.81
10:36,39.67,351196.41,180806.55,11.6
10:37,39.67,350767.17,180915.27,11.6
10:37,39.39,351416.74,180694.06,11.54
10:38,39.01,350240.53,180562.53,11.33
10:38,38.77,349118.2,180677.64,11.33
10:39,38.57,351696.43,180694.22,11.33
10:39,38.57,350274.77,181148.32,11.43
10:40,38.57,351263.82,181650.39,11.71
10:40,38.57,351681.17,181781.37,11.95
10:41,38.67,352182.06,181514.75,12.15
10:41,38.84,351637.27,181759.39,12.15
10:42,38.84,352589.73,181776.76,12.22
10:42,38.84,352383.02,181880.46,12.26
10:43,38.84,352014.27,181807.4,12.43
10:43,38.84,352407.78,182029.71,12.5
10:44,39.12,353005.05,181823.05,12.53
10:44,39.39,352025.93,181396.26,12.43
10:45,39.39,351566.26,181576.79,12.43
10:45,39.39,351721.23,181089.01,12.15
10:46,39.46,351296.01,181035.74,12.09
10:46,39.67,351277.26,180899.92,11.88
10:47,40.01,351996.15,180774.9,11.88
10:47,40.22,351174.18,180412.01,11.88
10:48,40.22,351729.39,181353.35,11.88
10:48,40.22,351336.27,181008.83,11.88
10:49,40.22,351486,180535.63,11.78
10:49,40.22,350694.57,180795.62,11.6
10:49,40.22,351399.9,180531.76,11.6
10:50,40.15,350162.48,180830.87,11.6
10:50,40.22,351280.39,181047.99,11.67
10:50,40.22,351634.44,181606.14,11.71
10:51,40.22,351931.69,181578.32,12.15
10:51,40.42,351849.62,182174.12,12.43
10:57,39.12,351900.31,182484.18,13.26
10:58,39.12,352360.61,182102.31,12.98
10:59,39.39,352437.44,181912.91,12.91
11:00,38.74,352185.88,181566.91,12.71
11:01,37.74,352200.03,181313.22,12.6
11:02,37.46,351934.4,180960.6,12.33
11:03,37.64,351029.25,180502.33,12.05
11:07,39.12,351499.29,181381.67,11.95
11:17,38.77,351504.8,181350.13,12.15
11:19,38.88,351279.53,180927.23,11.6
11:20,38.6,351009.85,180778.25,11.33
11:21,38.6,351686.15,181282.86,11.6
11:22,38.33,353128.02,182491.15,12.26
11:23,38.6,352527.11,182951.41,12.53
11:26,38.88,352074.21,183212.41,13.09
11:28,38.6,352234.36,182754.4,12.91
11:29,38.26,352211.06,182026.42,12.64
11:30,38.05,336855.92,183552.88,12.43
11:31,37.67,337193.64,183698.1,12.33
11:32,37.23,337386.64,183429.73,12.09
11:33,36.88,337740.42,183829.87,11.81
11:34,36.67,337671.31,184104.11,11.54
11:35,36.67,337924.66,184358.87,11.33
11:36,36.95,339125.69,185554.97,11.88
11:37,37.16,340108.07,186347.5,12.26
11:38,37.23,340905.7,186851.32,12.5
11:39,36.95,340562.08,186967.83,12.71
11:40,36.95,340877.09,187107.21,12.98
11:41,36.95,341378.81,187287.78,12.98
11:42,37.23,340749.98,187242.21,12.88
11:43,37.23,341037.75,186968.27,12.6
11:44,37.5,340574.26,187472.91,12.43
11:45,37.5,341094.97,187207.59,12.33
11:46,37.5,341452.3,187144.46,12.09
11:47,37.77,341703.18,187467.63,11.88
11:48,38.05,341628.82,187504.84,11.6
11:49,38.16,342007.96,188255.09,11.6
11:50,38.6,343382.09,189452.37,12.15
11:51,39.22,343747.59,190061.08,12.5
11:52,39.7,343881.01,190501.57,12.71
11:53,39.98,344711.84,190855.13,12.81
11:54,40.25,345323.74,191470.49,13.26
11:55,39.98,344901.95,190961.57,13.19
11:56,39.7,345113.37,190508.13,12.88
11:57,39.15,344763.01,190298.3,12.43
11:58,39.15,344897.21,189963.09,12.15
11:59,39.15,346027.02,189950.6,12.09
12:00,39.15,346301.94,190093.09,11.88
12:01,38.88,346277.74,190504.52,11.6
12:02,38.33,347321.66,191432.28,11.71
12:03,38.05,347931.06,192542.75,12.43
12:04,38.05,348790.76,193101.15,12.77
12:05,37.77,349114.63,193245.08,12.98
12:06,37.77,349045.49,193282.43,13.09
12:07,37.77,348797.26,193190.93,13.26
12:08,37.4,349099.37,192749.52,12.98
12:09,37.12,348321.65,192514.18,12.71
12:10,36.67,348254.92,192332.43,12.43
12:11,36.74,347804.04,191791.7,12.09
12:12,37.5,348161.67,191606,11.54
12:13,38.05,347681.16,191716.4,11.23
12:14,38.05,347436.58,191544.68,10.78
12:15,38.33,348062.46,192363.01,10.78
12:16,38.95,348683.15,192633.3,11.12
12:17,39.22,348643.57,192716.36,11.05
12:18,39.43,348681.06,192683.71,10.98
12:19,39.64,348746.21,192629.77,10.98
12:20,39.98,348538.76,192766.9,10.98
12:21,40.19,348276.7,192416.04,10.43
12:22,40.25,348984.09,192989.83,10.5
12:23,40.25,349012.55,193376.85,10.78
12:24,40.53,349953.26,193599.61,10.84
12:25,40.53,349841,193590.36,10.78
12:26,40.46,349585.74,193434.4,10.78
12:27,39.88,348924.93,193294.85,10.5
12:28,39.36,348875.31,192917.6,9.95
12:29,39.43,349450.59,193272.47,9.95
12:30,39.7,350227.95,194100.11,10.5
12:31,39.43,350345.94,194148.12,10.78
12:32,38.33,350658.24,194275.62,10.78
12:33,37.77,350401.55,194006.9,10.78
12:34,38.05,350754.08,194091.51,10.78
12:35,38.05,350159.17,193844.6,10.43
12:36,37.71,350759.12,194440.02,10.5
12:37,37.4,350750.12,195011.44,10.84
12:38,37.23,350998.1,195181.94,11.05
12:39,37.23,351487.46,195283.41,11.05
12:40,37.5,351234.7,195125.01,11.12
12:41,37.12,350692.24,194995.61,11.05
12:42,36.95,350318.1,194753.54,10.71
12:43,37.02,350758.91,195083.77,10.5
12:45,37.29,352092.74,195787.88,11.05
12:46,37.77,351756.33,196215.48,11.33
12:47,37.88,352095.22,196153.25,11.33
12:48,38.05,351759.46,195928.44,11.33
12:49,38.33,351696.52,195698.71,11.33
12:50,38.88,350020.23,195304.32,10.78
12:51,38.88,351127.12,194927.42,10.5
12:52,39.15,350486.37,195596.89,10.5
12:53,38.88,351435.66,196175.83,11.05
12:54,38.6,351656.08,196194.6,11.15
12:55,38.26,351941.62,196199.1,11.12
12:56,37.77,351917.62,196057.14,11.12
12:57,37.77,351645.56,195984.6,11.12
12:58,37.77,351343.6,195540.34,10.95
12:59,37.77,351104.08,195704.62,10.67
13:00,37.98,351724.54,196827.8,11.05
13:01,37.98,352220.54,196732.42,11.33
13:02,38.12,352521.84,196807.12,11.4
13:03,38.33,352184.5,196588.5,11.33
13:04,38.26,351893.72,196502.73,11.33
13:05,38.05,351218.37,196173.49,11.23
13:06,38.05,350671.68,195633.63,10.71
13:07,37.71,351137.88,195799.65,10.5
13:08,37.5,351697.39,196473.9,11.05
13:09,37.23,351225.97,196799.43,11.33
13:10,37.23,352135.33,197172.39,11.33
13:11,37.16,351722.42,196677.24,11.33
13:12,37.05,350421.28,196648.81,11.4
13:13,37.23,350750.36,196337.8,11.26
13:14,37.23,350450.04,195703.7,10.78
13:15,37.23,350700.05,196389.08,10.78
13:16,37.29,351205.44,197027.5,11.33
13:17,37.5,351760.98,197171.33,11.6
13:18,37.57,351433.37,197136.58,11.6
13:19,37.5,351835.22,197059.36,11.6
13:20,37.5,351078.66,197037.94,11.88
13:21,37.77,351419.54,196350.19,11.78
13:22,38.05,350279.54,196049.05,11.33
13:23,37.77,349953.62,195859.39,11.05
13:24,37.23,349868.3,195573.69,10.78
13:25,37.23,350766.18,195984.93,10.78
13:26,36.95,351120.89,196651.35,11.15
13:27,36.67,351166.58,196829.83,11.4
13:28,36.67,350933.7,197015.81,11.6
13:29,36.4,350474.18,196966.35,11.6
13:30,36.12,350700.44,196613.83,11.71
13:31,36.02,350618.03,196089.73,11.6
13:32,36.12,350152.19,195593.76,11.23
13:33,36.4,349245.07,195543.32,10.78
13:34,36.4,348957.96,194811.87,10.4
13:35,36.29,349436.37,195306.03,10.23
13:36,36.12,349819.69,195955.87,10.84
13:37,36.4,350305.94,196352.81,11.33
13:38,36.4,350421.37,196697.24,11.33
13:39,36.67,350028.66,196146.79,11.4
13:40,36.67,349926.26,195843.46,11.6
13:41,36.95,349869.55,195885.24,11.54
13:42,37.02,349988.55,195243.25,11.26
13:43,37.16,349433.66,195082.77,10.95
13:44,37.16,348808.14,194627.9,10.71
13:45,37.23,348762.96,195874.56,11.12
13:46,36.95,350030,196298.26,11.88
13:47,36.95,350402.5,196481.81,11.98
13:48,37.02,350404.68,196369.13,12.15
13:49,36.95,350602.84,196818.92,12.53
13:50,36.95,350925.36,196725.59,12.77
13:51,37.23,350560.96,195949.23,12.71
13:52,37.5,349061.25,195822.39,12.6
13:53,37.5,349322.94,195226.65,12.43
13:54,37.77,349793.82,195680.02,12.36
13:55,38.05,349185.47,194671.51,12.09
13:56,37.77,349054.25,194417.4,11.81
13:57,37.77,348518.43,194234.85,11.54
13:58,38.05,348306.03,194214.52,11.26
13:59,38.33,347948.94,194191.92,11.05
14:00,38.6,348944.07,194872.36,11.4
14:01,38.33,349222.36,195294.53,11.88
14:02,38.33,349708.38,195408.43,11.98
14:03,38.39,350753.66,195669.56,12.43
14:04,38.33,349432.59,195727.21,12.43
14:05,38.33,349096.42,194980.31,12.43
14:06,38.33,348454.48,194567.44,12.15
14:07,38.5,348671.23,194404.47,11.88
14:08,38.6,347456.84,194167.76,11.81
14:09,38.6,347891.39,194450.13,11.6
14:10,38.6,348371.65,194487.63,11.33
14:11,38.6,348945.41,195273.62,11.67
14:12,38.6,349344.19,195899.23,12.22
14:13,38.6,349642.72,196334.48,12.5
14:14,38.05,350081.26,196155.25,12.71
14:15,38.12,349166.13,196173.3,12.81
14:16,38.05,348850.85,195418.48,12.98
14:17,37.77,348954.86,194732.44,12.43
14:18,37.77,348079.59,194432.48,12.15
14:19,37.77,347890.23,193896.03,11.88
14:20,37.77,347161.89,193831.92,11.78
14:21,37.5,348134.64,193737.24,11.6
14:22,37.4,347014.78,194138.35,11.6
14:23,37.16,349438.97,194667.26,11.98
14:25,36.95,348957.36,195309.16,12.43
14:26,36.95,349490.46,195145.56,12.53
14:27,37.16,349543.01,195350.92,12.71
14:28,37.23,350107.85,195458.37,12.98
14:29,37.23,348980.31,194765.31,12.88
14:30,37.23,348166.53,194569.84,12.6
14:31,37.43,347766.61,194174.5,12.33
14:32,37.5,348043.71,193890.33,12.09
14:33,37.77,347828.72,193249.42,11.88
14:34,37.71,347604.72,193075.9,11.5
14:35,37.43,347267.57,193251.64,11.05
14:36,37.23,346925.85,193970.25,11.6
14:37,36.95,348392.43,194273.05,11.98
14:38,36.95,348326.41,194311.19,12.15
14:39,36.67,348086.63,193753.35,12.15
14:40,36.67,347608.09,193986.73,12.15
14:41,36.4,347608.75,193561.6,12.15
14:42,36.4,347533.23,192885.73,12.05
14:43,36.67,346846.73,192647.43,11.6
14:44,36.67,346628.13,192539.35,11.33
14:45,36.67,346402.02,192147.57,11.05
14:46,36.67,346452.15,192261.06,10.98
14:47,36.67,345711.23,193177.67,11.33
14:48,36.74,347686.77,194043.2,11.88
14:49,36.67,347843.53,193750.32,11.98
14:50,36.74,347629.28,193799.09,12.15
14:51,36.67,347469,193991.82,12.43
14:52,36.95,347713.5,193801.12,12.43
14:53,36.67,346971.9,193292.6,12.33
14:54,36.4,346535.24,192957.86,12.05
14:55,36.05,346581.97,192482.92,11.81
14:56,35.57,346635.28,192615.49,11.6
14:57,35.85,346821.64,192369.86,11.33
14:58,36.12,346261.23,192601.92,11.33
14:59,36.4,346694.98,193313.84,11.88
15:00,36.67,348008.28,194026.53,12.15
15:01,36.95,347726.61,193895.12,12.22
15:02,36.95,347136.94,194198.37,12.43
15:03,36.67,347492.34,193959.76,12.5
15:04,36.4,346353.08,192936.82,12.43
15:05,36.12,346644.16,192586.27,12.09
15:06,35.85,346221.83,192104.46,11.81
15:07,35.85,346437.04,192454.73,11.54
15:08,35.92,345371.75,191700.82,11.26
15:09,36.12,345629.01,191720.02,11.05
15:10,36.4,346295,193085.98,11.43
15:11,36.67,346993.57,193027.94,11.88
15:12,36.95,347340.26,193621.47,12.15
15:13,36.95,347764.61,193194.63,12.26
15:14,36.95,346907.02,193678.07,12.43
15:15,36.95,345950.72,193173.51,12.43
15:16,37.23,346731.99,192503.5,12.33
15:17,37.23,346309.36,191931.35,12.05
15:18,37.5,345721.48,192169.43,11.81
15:19,37.23,345692.4,192455.99,11.6
15:20,37.12,346234.65,192022.28,11.5
15:21,37.23,346492.2,192800.37,11.6
15:22,37.12,347834.8,193379.34,12.15
15:23,37.23,348288.98,194045.25,12.43
15:24,37.23,347731.53,194152.09,12.71
15:25,37.23,347579.03,194315.93,12.77
15:26,37.23,347520.11,193702.92,12.77
15:27,37.23,346411.85,192833.87,12.71
15:28,37.29,346527.28,192754.66,12.36
15:29,37.5,346415.76,192203.73,12.09
15:30,37.23,346340.15,192071.96,11.88
15:31,37.23,346234.08,191933.47,11.6
15:32,36.95,345357.12,192011.54,11.33
15:33,36.4,346357.38,192617.16,11.43
15:34,36.33,347001.94,193533.52,11.95
15:35,36.33,347466.2,193664.31,12.22
15:36,36.02,347729.74,193983.87,12.5
15:37,35.92,347685.28,194194.23,12.77
15:38,36.12,348389.57,194368.05,12.98
15:39,36.19,346807.57,193502.43,12.91
15:40,36.67,346435.61,192621.44,12.6
15:41,36.67,346397.16,192367.33,12.33
15:42,36.67,346860.17,192182.87,12.15
15:43,36.67,346137.61,192420.39,11.88
15:44,36.95,346186.97,192187.94,11.6
15:45,36.95,346409.53,192191.56,11.33
15:46,36.67,347066.97,193158.19,11.67
15:47,36.67,348173.35,194522.43,12.43
15:48,36.67,348367.78,195021.24,12.77
15:49,36.61,348667.09,194938.54,12.77
15:50,36.61,348406.97,194656.37,12.81
15:51,36.67,348593.8,194544.08,12.98
15:52,36.95,347586.96,194069.65,12.88
15:53,36.95,347607.17,193268.05,12.43
15:54,36.95,346924.45,192869.31,12.15
15:55,36.67,346792.34,192900.11,11.88
15:56,36.67,345889.87,192682.8,11.6
15:57,36.4,346147.66,192644.49,11.33
15:58,36.12,346452.77,192286.94,11.05
15:59,36.19,346684.22,193518.62,11.43
16:00,36.12,347308.7,193616.78,11.95
16:01,36.12,347778.8,194181,12.15
16:02,36.4,347291.41,193876.22,12.15
16:03,36.12,347633.12,194159.66,12.43
16:04,36.05,347501.01,194160.31,12.43
16:05,36.12,346577.2,192924.59,12.15
16:06,36.12,346467.38,192530.62,11.6
16:07,36.12,345176.07,192166.06,11.33
16:08,36.12,345683.75,192203.76,11.05
16:09,36.12,346354.42,192283.02,10.95
16:11,36.05,346356.06,192982.42,11.05
16:12,36.12,346529.69,193532.66,11.33
16:13,35.85,347136.56,193464.67,11.4
16:14,36.12,346987.84,193043.9,11.4
16:15,36.02,347086.37,193085.64,11.6
16:16,35.85,346420.85,193274.57,11.6
16:17,35.74,346103.25,192192.35,11.33
16:18,35.57,345349.01,191581.09,10.78
16:19,35.51,345891.36,191331.67,10.5
16:20,35.51,345557.87,191168.86,10.23
16:21,35.51,345210.34,192092.43,10.57
16:22,35.3,345378.94,192012.55,11.05
16:23,35.37,346041.38,192489.27,11.05
16:24,35.51,346055.21,192445.92,11.05
16:25,35.57,346146.49,192577.03,11.12
16:26,35.3,346589.57,192151.53,11.05
16:27,35.37,345242.35,191589.34,10.78
16:28,35.37,346039.15,192431.29,10.78
16:29,35.57,345962.23,192467.41,11.33
16:30,35.57,347037.05,193144.63,11.6
16:31,35.85,346726.15,192878.95,11.67
16:32,35.57,346700.4,192910.03,11.88
16:33,35.57,346256.46,192557.72,11.88
16:34,35.57,347098.92,191916.79,11.6
16:35,35.3,345617.26,191440.78,11.33
16:36,35.23,345720.26,191410.05,11.05
16:37,35.02,344973.8,191730.93,10.78
16:38,35.02,345397.83,191711.54,10.78
16:39,35.02,345730.99,192507.42,11.33
16:40,35.02,347020.8,192736.36,11.6
16:41,34.95,346866.19,192568.5,11.6
16:42,34.92,346445.17,192750.45,11.71
16:43,34.75,346624.28,192939.61,11.88
16:44,34.75,345729.38,191768.94,11.6
16:45,34.75,345094.8,191425.06,11.23
16:46,34.68,344517.65,191241.28,10.78
16:47,34.68,344540.54,190834.25,10.5
16:48,34.75,344230.5,191377.97,10.57
16:49,34.75,345292.72,191942.5,11.05
16:50,35.02,345839.8,191858.04,11.15
16:51,35.02,345865.13,191858.02,11.33
16:52,34.75,345495.43,192098.96,11.33
16:53,34.75,345446.65,192238.32,11.33
16:54,34.75,345485.06,191595.96,11.23
16:55,34.68,345059.69,191819,10.78
16:56,34.75,345786.99,191799.54,11.15
16:57,34.47,345933.5,192731.45,11.71
16:58,34.47,346476.67,193427.4,11.95
16:59,34.47,345763.21,193066.69,11.98
17:00,34.47,346438.14,192961.13,12.15
17:01,34.75,345835.33,192783.06,12.15
17:02,34.68,345760.46,191872.51,11.81
17:03,34.47,345330.21,191646.35,11.5
17:04,34.47,344984.95,191056.39,11.05
17:05,34.4,344664.63,190675.45,10.67
17:06,34.26,344182.79,190811.81,10.5
17:07,34.2,345207.6,191652.06,11.05
17:08,34.2,345658.63,192313.34,11.33
17:09,34.2,345018.03,191950.69,11.33
17:10,34.2,345706.91,191604.18,11.33
17:11,34.2,345102.91,191516.85,11.33
17:12,34.26,344965.16,191375.23,11.26
17:13,34.47,344996.09,191303.67,10.78
17:14,34.4,345196.4,191668.23,10.84
17:15,34.47,345651.98,192378.09,11.43
17:16,34.4,345936.54,192300.51,11.67
17:17,34.47,346396.09,192656.86,11.71
17:18,34.47,345995.01,192186.42,11.88
17:19,34.47,345486.4,192281.23,11.88
17:20,34.47,346072.49,191717.64,11.78
17:21,34.47,345020.35,191554.75,11.33
17:22,34.47,345528.42,191032.16,11.05
17:23,34.47,344663.32,190705.63,10.78
17:24,34.47,344061.55,191386.37,10.78
17:25,34.54,345607.52,192352.67,11.33
17:26,34.47,346012.41,192347.42,11.6
17:27,34.68,345784.72,192838.34,11.67
17:28,34.68,346309.72,192803.98,11.71
17:29,34.68,345856.04,192643.46,11.95
17:30,34.68,345841.88,191771.22,11.78
17:31,34.68,344808.31,191413.8,11.33
17:32,34.47,343950.15,191021.38,10.95
17:33,34.47,344595.85,190705.55,10.67
17:34,34.47,344713.21,191896.9,10.6
17:35,34.47,345937.88,192177.65,11.33
17:36,34.47,346137.82,192681.36,11.6
17:37,34.47,345786.27,192603.05,11.67
17:38,34.47,346196.74,192678.76,11.88
17:39,34.47,345957.88,192891.27,11.88
17:40,34.47,345271.53,191586.26,11.81
17:41,34.47,344854.68,190961.26,11.33
17:42,34.4,343713.76,191116.12,10.98
17:43,34.37,343794.76,190909.67,10.71
17:44,34.2,344175.04,190632.13,10.5
17:45,34.2,345118.85,191431.46,11.05
17:46,34.2,346126.97,192611.98,11.33
17:47,34.2,346271.49,192627.21,11.6
17:49,34.13,346437.99,193145.69,11.88
17:50,33.92,347240.33,193601.31,12.15
17:51,33.92,347715.8,194374.56,12.43
17:52,33.92,348255.25,195145.99,12.77
17:53,33.92,348303.74,195043.46,13.05
17:54,33.92,349122.29,195503.62,13.32
17:55,33.92,348728.06,196469.38,13.6
17:56,33.92,349655.75,196673.41,13.87
17:57,33.92,350514.11,197391.51,14.15
17:58,33.92,350860.86,197446.51,14.43
17:59,33.92,350904.94,198016.66,14.63
18:00,33.92,350846.95,198033.91,14.63
18:01,33.65,350821.52,198652.12,14.91
18:02,33.65,351815.07,198629.84,15.01
18:03,33.65,352497.79,198890.72,15.18
18:04,33.65,352878.81,199155.32,15.18
18:05,33.65,352855.86,199506.55,15.25
18:06,33.65,353787.63,200174.3,15.46
18:07,33.65,354351.07,200061.84,15.53
18:08,33.65,353308.83,200465.75,15.56
18:09,33.65,354473.11,200394.94,15.73
18:10,33.65,353539.02,200595.59,15.81
18:11,33.65,212758.93,212987.07,16.01
18:12,33.65,212886.8,213089.53,16.29
18:13,33.58,213040.23,213208.08,16.56
18:14,33.65,213154.26,213293.91,16.84
18:15,33.58,213269.64,213388.85,16.91
18:16,33.58,213397.59,213477.51,17.11
18:17,33.65,213500.07,213608.55,17.18
18:18,33.54,213645.86,213703.45,17.39
18:19,33.37,213750.48,213793.53,17.39
18:20,33.37,213891.98,213925.45,17.49
18:21,33.37,213993.4,214023.58,17.66
18:22,33.37,214099.74,214157.89,17.66
18:23,33.37,214201.91,214221.39,17.73
18:24,33.37,214304.6,214345.28,17.77
18:25,33.37,214451.88,214454.41,17.94
18:26,33.37,214555.58,214576.66,17.94
18:27,33.37,214647.99,214650.94,18.01
18:28,33.37,214764.91,214756.37,18.01
18:29,33.27,214871.42,214888.71,18.04
18:30,33.27,214984.51,214976.15,18.21
18:31,33.3,215106.26,215075.81,18.21
18:32,33.1,215187.19,215160.31,18.21
18:33,33.1,215308.73,215280,18.29
18:34,33.1,215416.51,215363.29,18.32
18:35,33.1,215503.72,215472.33,18.32
18:36,33.1,215621.62,215580.45,18.49
18:37,33.1,215699.17,215689.88,18.49
18:38,33.1,215833.11,215790.63,18.49
18:39,33.03,215928.41,215879.74,18.49
18:40,33.1,216015.79,215973.32,18.56
18:41,33.1,216092.54,216075.75,18.56
18:42,32.99,216209.95,216202.39,18.59
18:43,32.82,216307.85,216265.25,18.76
18:44,32.89,216400.41,216370.46,18.76
18:45,32.82,216523.26,216467.16,18.76
18:46,32.82,216612.99,216580.24,18.76
18:47,32.82,216718.45,216668.96,18.76
18:48,32.82,216799.01,216721.49,18.84
18:49,32.82,216893.54,216824.67,18.84
18:50,32.82,216975.67,216940.3,18.87
18:51,32.82,217076.85,217006.12,18.87
18:52,32.82,217165.07,217067.51,19.04
18:53,32.82,217239.42,217176.57,19.04
18:54,32.82,217349.72,217270.88,19.04
18:55,32.82,217442.63,217353.05,19.04
18:56,32.82,217540.32,217432.22,19.11
18:57,32.82,217627.23,217558.88,19.11
18:58,32.75,217725.95,217634.16,19.11
18:59,32.75,217824.25,217738.76,19.14
19:00,32.54,217919.66,217837.32,19.14
19:01,32.54,217976.73,217901.95,19.32
19:02,32.54,218091.41,218003.44,19.32
19:03,32.54,218178.15,218075.96,19.32
19:04,32.54,218283.65,218183.2,19.32
19:05,32.54,218365.71,218272,19.32
19:06,32.54,218466.65,218344.85,19.39
19:07,32.54,218538.82,218459.35,19.39
19:08,32.54,218632.94,218510.72,19.42
19:09,32.54,218713.85,218607.25,19.42
19:10,32.48,218812.38,218713.4,19.42
19:11,32.44,218890.15,218778.42,19.59
19:12,32.27,219009.25,218879.37,19.59
19:13,32.27,219078.12,218964.64,19.59
19:14,32.2,219176.89,219046.18,19.59
19:15,32.2,219261.02,219147.41,19.59
19:16,32.2,219359.7,219236.69,19.66
19:17,32.17,219411.73,219322.37,19.66
19:18,32,219545.51,219386.03,19.7
19:19,32,219612.7,219511.12,19.7
19:20,32,219687.57,219594.17,19.87
19:21,32,219774.14,219655.29,19.87
19:22,31.92,219889.98,219757.2,19.87
19:23,31.92,219954.52,219823.64,19.87
19:24,31.72,220060.87,219918.3,19.87
19:25,31.72,220135.57,219950.84,19.87
19:26,31.72,220212.59,220071.73,19.94
19:27,31.72,220305.79,220173.95,19.94
19:28,31.72,220375.37,220278.35,19.94
19:29,31.72,220489.17,220347.37,19.97
19:30,31.72,220577.23,220420.09,19.97
19:31,31.65,220643.28,220493.15,20.14
19:32,31.65,220727.19,220597.58,20.14
19:33,31.62,220806.03,220668.2,20.14
19:34,31.65,220885.04,220748.08,20.14
19:35,31.44,220996.16,220851.06,20.14
19:36,31.44,221054.24,220934.75,20.14
19:37,31.44,221132.31,221003.67,20.14
19:38,31.44,221234.41,221077.71,20.21
19:39,31.44,221299.53,221168.62,20.21
19:40,31.44,221413.91,221243.1,20.21
19:41,31.38,221469.76,221311.08,20.25
19:42,31.38,221539.77,221384.47,20.25
19:43,31.38,221642.91,221478.57,20.25
19:44,31.44,221711.74,221552.45,20.42
19:45,31.44,221798.78,221645.71,20.42
19:46,31.38,221870.72,221714.82,20.42
19:47,31.17,221929.01,221788.32,20.42
19:48,31.17,222056.14,221859.38,20.42
19:49,31.17,222102.66,221943.94,20.42
19:50,31.17,222204.79,222036.51,20.42
19:51,31.17,222280.44,222112.69,20.49
19:52,31.17,222350.21,222188.56,20.49
19:53,31.17,222428.01,222260.19,20.49
19:54,31.17,222510.17,222325.71,20.52
19:55,31.17,222583.32,222393.81,20.52
19:56,31.17,222664.13,222451.28,20.52
19:57,31.17,222735.09,222546.95,20.52
19:58,31.17,222819.64,222639.38,20.7
19:59,31.17,222874.92,222683.15,20.7
20:00,31.17,222958.21,222773.84,20.7
20:01,31.17,223048.4,222846.94,20.7
20:02,31.17,223129.63,222927.3,20.7
20:03,31.1,223210.65,222993.33,20.7
20:04,31.17,223276.39,223078.22,20.7
20:05,31.17,223357.41,223130.66,20.7
20:06,31.1,223383.69,223207.47,20.76
20:07,31.17,223471.55,223280.15,20.76
20:08,31.1,223545.12,223346.96,20.76
20:09,31.07,223624.77,223418.8,20.8
20:10,31.1,223701.34,223495.84,20.8
20:11,31.07,223745.39,223560.94,20.8
20:13,30.89,223830.76,223616.64,20.8
20:14,30.89,223933.38,223735.44,20.97
20:15,30.89,223999.96,223795.46,20.97
20:16,30.89,224059.78,223876.34,20.97
20:17,30.89,224136.32,223920.02,20.97
20:18,30.89,224213.69,223997.85,20.97
20:19,30.89,224297.54,224077.21,20.97
20:20,30.89,224369.39,224159.72,20.97
20:21,30.89,224431.04,224238.04,21.04
20:22,30.89,224513.84,224287.96,21.04
20:23,30.89,224562.64,224377.32,21.04
20:24,30.89,224647.66,224459.35,21.04
20:25,30.89,224714.41,224522.46,21.07
20:26,30.89,224788.26,224591.69,21.07
20:27,30.89,224875.64,224636.12,21.07
20:28,30.89,224930.88,224724.64,21.07
20:29,30.89,225014.15,224789.98,21.25
20:30,30.82,225066.48,224842.91,21.25
20:31,30.89,225145.52,224960.51,21.25
20:32,30.89,225211.41,225000.05,21.25
20:33,30.82,225286.66,225091.29,21.25
20:34,30.82,225353.52,225143.05,21.25
20:35,30.82,225426.87,225204.26,21.25
20:36,30.82,225493.49,225280.82,21.25
20:37,30.89,225581.94,225333.02,21.32
20:38,30.82,225665.52,225420.82,21.32
20:39,30.62,225713.52,225496.66,21.32
20:40,30.62,225799.31,225552.77,21.32
20:41,30.62,225853.71,225631.67,21.32
20:42,30.62,225925.55,225679.31,21.35
20:43,30.62,225990.86,225772.95,21.35
20:44,30.62,226043.51,225834.98,21.35
20:45,30.62,226136.04,225901.28,21.52
20:46,30.62,226213.31,225958,21.52
20:47,30.62,226278.66,226017.89,21.52
20:48,30.62,226350.9,226084.52,21.52
20:49,30.62,226426.85,226159.93,21.52
20:50,30.62,226512.49,226226.78,21.52
20:51,30.62,226550.46,226301.67,21.52
20:52,30.62,226606.38,226360.77,21.52
20:53,30.62,226685.37,226421.4,21.52
20:54,30.55,226756.62,226482.39,21.59
20:55,30.55,226826.97,226574.93,21.59
20:56,30.62,226902.93,226649.42,21.59
20:57,30.62,226966.93,226712.45,21.59
20:58,30.55,227038.15,226757.85,21.62
20:59,30.55,227100.34,226825.12,21.62
21:00,30.52,227152.11,226865.78,21.62
21:01,30.34,227201.55,226946.38,21.62
21:02,30.34,227295.19,227005.75,21.8
21:03,30.34,227363.8,227065.88,21.8
21:04,30.34,227434.47,227161.5,21.8
21:05,30.34,227491.07,227238.18,21.8
21:06,30.34,227568.13,227285.85,21.8
21:07,30.34,227642.1,227380.47,21.8
21:08,30.34,227698.37,227424.92,21.8
21:09,30.34,227762.76,227494.63,21.8
21:10,30.34,227847.8,227549.23,21.8
21:11,30.34,227895.99,227599.68,21.8
21:12,30.34,227952.87,227670.82,21.87
21:13,30.34,228009.24,227723.52,21.87
21:14,30.34,228071.33,227814.41,21.87
21:15,30.34,228149.01,227878.56,21.87
21:16,30.34,228203.58,227936.21,21.9
21:17,30.34,228277.58,227992.55,21.9
21:18,30.34,228346.84,228059.47,21.9
21:19,30.28,228415.95,228135.11,21.9
21:20,30.28,228471.59,228171.27,22.07
21:21,30.34,228537.14,228224.25,22.07
21:22,30.34,228600.89,228308.44,22.07
21:23,30.34,228661.79,228353.8,22.07
21:24,30.28,228734.36,228412.75,22.07
21:25,30.34,228790.21,228488.8,22.07
21:26,30.34,228858.13,228553.52,22.07
21:27,30.34,228912.29,228605.11,22.07
21:28,30.24,228957.12,228647.22,22.07
21:29,30.24,229005.41,228738.19,22.07
21:30,30.07,229075.07,228797.14,22.14
21:31,30.07,229148.36,228860.69,22.14
21:32,30.07,229195.15,228914.83,22.14
21:33,30.07,229279.77,228969.28,22.14
21:34,30.07,229335.7,229040.09,22.14
21:35,30.07,229401.6,229104.4,22.18
21:36,30.07,229458.81,229157.19,22.18
21:37,30.07,229518.53,229211.24,22.18
21:38,30.07,229590.43,229297.1,22.18
21:39,30.07,229640.44,229349.52,22.35
21:40,30.07,229713.19,229409.13,22.35
21:41,30.07,229785.35,229496.46,22.35
21:42,30.07,229839.4,229548.02,22.35
21:43,30.07,229917.69,229590.48,22.35
21:44,30.07,229983.79,229663.46,22.35
21:45,30.07,230037.24,229727.79,22.35
21:46,30.07,230097.8,229792.07,22.35
21:47,30.07,230163.41,229841.4,22.35
21:48,30.07,230225,229898.3,22.35
21:49,30.07,230262.29,229983.88,22.42
21:50,30.07,230345.28,230048.46,22.42
21:51,30.07,230421.81,230095.68,22.42
21:52,30.07,230459.17,230143.29,22.42
21:53,30.07,230530.78,230192.12,22.42
21:54,30.07,230564.79,230253.89,22.45
21:55,30.07,230639.56,230313.94,22.45
21:56,30.07,230699.38,230370.98,22.45
21:57,30.07,230778.04,230424.33,22.45
21:58,30,230818.64,230479.36,22.62
21:59,30.07,230899.47,230549.11,22.62
