time,room_temp1,room_RH1,room_temp2,room_RH2,differential_pressure
2021-08-07 06:00:49,28.93,48.72,28.6,48.55,-1.1
2021-08-07 06:01:49,28.93,48.72,28.6,48.55,-1.1
2021-08-07 06:02:49,28.93,48.72,28.6,48.55,-1.1
2021-08-07 06:03:50,28.93,48.72,28.6,48.55,-1.1
2021-08-07 06:04:50,28.93,48.72,28.6,48.55,-1.1
2021-08-07 06:05:50,28.93,48.72,28.6,48.55,-1.1
2021-08-07 06:06:51,28.93,48.72,28.6,48.55,-1.1
2021-08-07 06:07:51,28.93,48.72,28.6,48.55,-0.97
2021-08-07 06:08:51,28.93,48.72,28.6,48.55,-0.97
2021-08-07 06:09:52,28.93,48.72,28.6,48.55,-1.1
2021-08-07 06:10:52,28.93,48.72,28.6,48.55,-1.1
2021-08-07 06:11:52,28.93,48.72,28.6,48.55,-1.1
2021-08-07 06:12:52,28.93,48.72,28.6,48.55,-1.1
2021-08-07 06:13:53,28.93,48.72,28.6,48.55,-1.1
2021-08-07 06:14:53,28.93,48.72,28.6,48.55,-1.1
2021-08-07 06:15:53,28.93,48.72,28.6,48.55,-1.1
2021-08-07 06:16:54,28.93,48.72,28.6,48.55,-1.1
2021-08-07 06:17:54,28.93,48.72,28.6,48.55,-1.1
2021-08-07 06:18:54,28.93,48.72,28.6,48.55,-1.1
2021-08-07 06:19:55,28.93,48.72,28.6,48.55,-1.1
2021-08-07 06:20:55,28.93,48.72,28.6,48.55,-1.1
2021-08-07 06:21:55,28.93,48.72,28.6,48.55,-1.1
2021-08-07 06:22:56,28.93,48.72,28.6,48.55,-1.1
2021-08-07 06:23:56,28.93,48.72,28.6,48.55,-0.97
2021-08-07 06:24:56,28.93,48.72,28.6,48.55,-1.1
2021-08-07 06:25:56,28.93,48.72,28.6,48.55,-1.1
2021-08-07 06:26:57,28.93,48.72,28.6,48.55,-1.1
2021-08-07 06:27:57,28.93,48.72,28.6,48.55,-1.1
2021-08-07 06:28:57,28.93,48.72,28.6,48.55,-1.1
2021-08-07 06:29:58,28.93,48.72,28.6,48.55,-1.1
2021-08-07 06:30:58,28.93,48.72,28.6,48.55,-1.1
2021-08-07 06:31:58,28.93,48.72,28.6,48.55,-1.1
2021-08-07 06:32:59,28.93,48.72,28.6,48.55,-1.1
2021-08-07 06:33:59,28.93,48.72,28.6,48.55,-1.1
2021-08-07 06:34:59,28.93,48.72,28.6,48.55,-1.1
2021-08-07 06:35:59,28.93,48.72,28.6,48.55,-1.1
2021-08-07 06:37:00,28.93,48.72,28.6,48.55,-1.1
2021-08-07 06:38:00,28.93,48.72,28.6,48.55,-1.1
2021-08-07 06:39:00,28.93,48.72,28.6,48.55,-1.1
2021-08-07 06:40:01,28.93,48.72,28.6,48.55,-1.1
2021-08-07 06:41:01,28.93,48.72,28.6,48.55,-1.1
2021-08-07 06:42:01,28.93,48.72,28.6,48.55,-1.1
2021-08-07 06:43:01,28.93,48.72,28.6,48.55,-1.1
2021-08-07 06:44:02,28.93,48.72,28.6,48.55,-1.1
2021-08-07 06:45:02,28.93,48.72,28.6,48.55,-1.1
2021-08-07 06:46:03,28.93,48.72,28.6,48.55,-1.1
2021-08-07 06:47:03,28.93,48.72,28.6,48.55,-1.1
2021-08-07 06:48:03,28.93,48.72,28.6,48.55,-1.1
2021-08-07 06:49:03,28.93,48.72,28.6,48.55,-1.1
2021-08-07 06:50:04,28.93,48.72,28.6,48.55,-1.1
2021-08-07 06:51:04,28.93,48.72,28.6,48.55,-1.1
2021-08-07 06:52:05,28.93,48.66,28.6,48.55,-1.1
2021-08-07 06:53:05,28.93,48.72,28.6,48.55,-1.1
2021-08-07 06:54:05,28.93,48.72,28.6,48.55,-1.1
2021-08-07 06:55:05,28.93,48.72,28.6,48.55,-1.1
2021-08-07 06:56:06,28.93,48.72,28.6,48.55,-1.1
2021-08-07 06:57:06,28.93,48.72,28.6,48.55,-1.1
2021-08-07 06:58:06,28.93,48.72,28.6,48.55,-1.1
2021-08-07 06:59:07,28.93,48.72,28.6,48.55,-1.1
2021-08-07 07:00:07,28.93,48.72,28.6,48.55,-0.97
2021-08-07 07:01:07,28.93,48.72,28.6,48.55,-1.1
2021-08-07 07:02:08,28.93,48.72,28.6,48.55,-1.1
2021-08-07 07:03:08,28.93,48.66,28.6,48.55,-1.1
2021-08-07 07:04:08,28.93,48.66,28.6,48.55,-0.97
2021-08-07 07:05:09,28.93,48.66,28.6,48.55,-0.97
2021-08-07 07:06:09,28.93,48.66,28.6,48.55,-0.97
2021-08-07 07:07:09,28.93,48.66,28.6,48.55,-0.97
2021-08-07 07:08:10,28.93,48.66,28.6,48.55,-0.97
2021-08-07 07:09:10,28.93,48.66,28.6,48.55,-1.1
2021-08-07 07:10:10,28.93,48.66,28.6,48.55,-0.97
2021-08-07 07:11:10,28.93,48.66,28.6,48.55,-1.1
2021-08-07 07:12:11,28.93,48.72,28.6,48.55,-1.1
2021-08-07 07:13:11,28.93,48.72,28.6,48.55,-1.1
2021-08-07 07:14:11,28.93,48.66,28.6,48.55,-0.97
2021-08-07 07:15:12,28.93,48.66,28.6,48.55,-0.97
2021-08-07 07:16:12,28.93,48.66,28.63,48.55,-1.1
2021-08-07 07:17:12,28.93,48.66,28.6,48.55,-1.1
2021-08-07 07:18:13,28.96,48.66,28.63,48.55,-1.1
2021-08-07 07:19:13,28.96,48.66,28.63,48.55,-1.1
2021-08-07 07:20:13,28.93,48.66,28.63,48.55,-1.1
2021-08-07 07:21:13,28.96,48.66,28.63,48.55,-1.1
2021-08-07 07:22:14,28.96,48.66,28.63,48.55,-0.97
2021-08-07 07:23:14,28.96,48.66,28.63,48.55,-1.1
2021-08-07 07:24:14,28.96,48.66,28.63,48.55,-0.97
2021-08-07 07:25:15,28.96,48.66,28.63,48.55,-1.1
2021-08-07 07:26:15,28.96,48.66,28.63,48.55,-0.97
2021-08-07 07:27:15,28.96,48.66,28.63,48.55,-0.97
2021-08-07 07:28:16,28.96,48.66,28.63,48.55,-1.1
2021-08-07 07:29:16,28.96,48.66,28.63,48.55,-0.97
2021-08-07 07:30:17,28.93,48.66,28.63,48.55,-1.17
2021-08-07 07:31:17,28.93,48.72,28.63,48.55,-1.1
2021-08-07 07:32:17,28.96,48.66,28.63,48.55,-1.1
2021-08-07 07:33:18,28.96,48.66,28.63,48.55,-1.1
2021-08-07 07:34:18,28.96,48.66,28.63,48.55,-1.1
2021-08-07 07:35:18,28.96,48.66,28.63,48.55,-1.1
2021-08-07 07:36:18,28.96,48.66,28.63,48.55,-1.1
2021-08-07 07:37:19,28.96,48.66,28.63,48.55,-0.97
2021-08-07 07:38:19,28.96,48.66,28.63,48.55,-1.1
2021-08-07 07:39:20,28.96,48.66,28.63,48.55,-1.1
2021-08-07 07:40:20,28.96,48.66,28.63,48.55,-1.1
2021-08-07 07:41:20,28.96,48.66,28.63,48.55,-1.1
2021-08-07 07:42:21,28.96,48.66,28.63,48.55,-1.1
2021-08-07 07:43:21,28.96,48.66,28.63,48.55,-1.1
2021-08-07 07:44:21,28.96,48.66,28.63,48.55,-1.1
2021-08-07 07:45:22,28.96,48.66,28.63,48.55,-1.1
2021-08-07 07:46:22,28.96,48.66,28.63,48.55,-0.97
2021-08-07 07:47:22,28.96,48.66,28.63,48.55,-1.1
2021-08-07 07:48:23,28.96,48.66,28.63,48.55,-0.97
2021-08-07 07:49:23,28.96,48.66,28.63,48.55,-1.1
2021-08-07 07:50:23,28.98,48.66,28.63,48.55,-1.1
2021-08-07 07:51:23,28.98,48.66,28.63,48.55,-1.1
2021-08-07 07:52:24,28.98,48.66,28.65,48.55,-1.1
2021-08-07 07:53:24,28.98,48.66,28.65,48.55,-0.97
2021-08-07 07:54:24,29.06,48.66,28.65,48.55,-0.97
2021-08-07 07:55:25,29.06,48.66,28.65,48.55,-1.1
2021-08-07 07:56:25,29.06,48.66,28.73,48.55,-1.1
2021-08-07 07:57:25,29.06,48.66,28.73,48.55,-0.97
2021-08-07 07:58:26,29.06,48.66,28.73,48.48,-1.1
2021-08-07 07:59:26,29.06,48.66,28.73,48.48,-1.1
2021-08-07 08:00:26,29.06,48.66,28.73,48.48,-1.1
2021-08-07 08:01:27,29.06,48.66,28.73,48.48,-1.1
2021-08-07 08:02:27,29.06,48.66,28.73,48.48,-1.1
2021-08-07 08:03:27,29.06,48.66,28.73,48.48,-0.97
2021-08-07 08:04:27,29.06,48.66,28.73,48.48,-0.97
2021-08-07 08:05:28,29.06,48.66,28.73,48.48,-1.1
2021-08-07 08:06:28,29.06,48.66,28.73,48.55,-0.97
2021-08-07 08:07:28,29.06,48.66,28.73,48.55,-0.97
2021-08-07 08:08:29,29.06,48.66,28.73,48.55,-0.97
2021-08-07 08:09:29,29.06,48.66,28.73,48.55,-1.1
2021-08-07 08:10:29,29.06,48.66,28.73,48.55,-1.1
2021-08-07 08:11:30,29.06,48.66,28.73,48.55,-1.1
2021-08-07 08:12:30,29.06,48.66,28.73,48.55,-1.1
2021-08-07 08:13:30,29.06,48.66,28.73,48.55,-1.1
2021-08-07 08:14:31,29.06,48.66,28.73,48.55,-1.1
2021-08-07 08:15:31,29.06,48.66,28.73,48.55,-1.03
2021-08-07 08:16:31,29.06,48.66,28.73,48.55,-1.03
2021-08-07 08:17:32,29.06,48.66,28.73,48.55,-1.03
2021-08-07 08:18:32,29.06,48.66,28.73,48.55,-1.03
2021-08-07 08:19:33,29.06,48.66,28.73,48.55,-1.17
2021-08-07 08:20:33,29.1,48.66,28.73,48.55,-1.03
2021-08-07 08:21:33,29.06,48.66,28.73,48.55,-1.17
2021-08-07 08:22:34,29.1,48.66,28.73,48.55,-1.03
2021-08-07 08:23:34,29.06,48.66,28.73,48.55,-1.03
2021-08-07 08:24:34,29.1,48.66,28.73,48.55,-1.03
2021-08-07 08:25:35,29.1,48.66,28.73,48.55,-1.17
2021-08-07 08:26:35,29.12,48.66,28.73,48.55,-1.03
2021-08-07 08:27:35,29.12,48.66,28.73,48.55,-1.03
2021-08-07 08:28:36,29.2,48.66,28.73,48.55,-1.03
2021-08-07 08:29:36,29.2,48.66,28.73,48.55,-1.25
2021-08-07 08:30:36,29.2,48.66,28.73,48.55,-1.25
2021-08-07 08:31:37,29.2,48.66,28.73,48.55,-1.25
2021-08-07 08:32:37,29.2,48.66,28.73,48.55,-1.25
2021-08-07 08:33:37,29.2,48.66,28.73,48.55,-1.25
2021-08-07 08:34:38,29.2,48.66,28.73,48.55,-1.25
2021-08-07 08:35:38,29.2,48.66,28.73,48.55,-1.25
2021-08-07 08:36:39,29.2,48.66,28.73,48.55,-1.25
2021-08-07 08:37:39,29.2,48.66,28.73,48.55,-1.25
2021-08-07 08:38:39,29.2,48.66,28.73,48.55,-1.25
2021-08-07 08:39:40,29.2,48.66,28.73,48.55,-1.25
2021-08-07 08:40:40,29.2,48.66,28.73,48.55,-1.25
2021-08-07 08:41:41,29.2,48.66,28.73,48.55,-1.25
2021-08-07 08:42:41,29.2,48.66,28.73,48.55,-1.25
2021-08-07 08:43:41,29.2,48.66,28.73,48.55,-1.25
2021-08-07 08:44:42,29.2,48.66,28.73,48.55,-0.07
2021-08-07 08:45:42,29.17,49.03,28.73,48.55,-1.17
2021-08-07 08:46:43,29.15,49.1,28.73,48.55,-1.17
2021-08-07 08:47:43,29.17,48.93,28.73,48.55,-1.31
2021-08-07 08:48:43,29.17,49.21,28.73,48.55,-1.31
2021-08-07 08:49:43,29.17,49.76,28.73,48.55,-1.31
2021-08-07 08:50:44,29.17,49.76,28.73,48.55,-1.31
2021-08-07 08:51:44,29.06,50.2,28.73,48.55,-1.31
2021-08-07 08:52:44,29.2,50.03,28.73,48.55,-1.31
2021-08-07 08:53:45,29.2,50.38,28.77,48.55,-1.31
2021-08-07 08:54:45,29.2,51.13,28.77,48.55,-1.31
2021-08-07 08:55:45,29.17,51.69,28.77,48.55,-1.31
2021-08-07 08:56:45,29.2,51.41,28.79,48.62,-1.31
2021-08-07 08:57:46,29.2,53.06,28.79,48.55,-1.31
2021-08-07 08:58:46,29.2,52.44,28.79,48.62,-1.31
2021-08-07 08:59:46,29.2,51.69,28.79,48.55,-1.31
2021-08-07 09:00:47,29.2,53.17,28.87,48.55,-1.31
2021-08-07 09:01:47,29.2,53.34,28.87,48.62,-1.31
2021-08-07 09:02:47,29.2,52.24,28.87,48.55,-1.31
2021-08-07 09:03:48,29.2,52.79,28.87,48.62,-1.31
2021-08-07 09:04:48,29.2,51.41,28.87,49.17,-1.31
2021-08-07 09:05:48,29.23,50.76,28.87,49.93,-1.25
2021-08-07 09:06:48,29.2,50.48,28.73,50.59,-1.25
2021-08-07 09:07:49,29.06,50.59,28.56,50.76,-1.25
2021-08-07 09:08:49,28.79,51.13,28.41,50.86,-1.25
2021-08-07 09:09:49,28.65,51.69,28.18,51.03,-1.1
2021-08-07 09:10:50,28.51,51.96,28.05,51.03,-1.1
2021-08-07 09:11:50,28.37,51.96,28.01,51.03,-1.1
2021-08-07 09:12:50,28.37,51.69,27.91,51.1,-1.1
2021-08-07 09:13:51,28.24,52.03,27.91,51.31,-1.17
2021-08-07 09:14:51,28.18,52.24,27.77,51.31,-1.17
2021-08-07 09:15:51,28.06,52.24,27.74,51.31,-1.17
2021-08-07 09:16:52,27.93,52.24,27.63,51.31,-1.17
2021-08-07 09:17:52,27.91,52.24,27.58,51.31,-1.17
2021-08-07 09:18:52,27.82,52.24,27.5,51.38,-1.17
2021-08-07 09:19:53,27.68,52.24,27.36,51.38,-1.17
2021-08-07 09:20:53,27.68,52.17,27.32,51.38,-1.17
2021-08-07 09:21:53,27.55,52.13,27.22,51.38,-1.17
2021-08-07 09:22:54,27.55,51.89,27.22,51.41,-1.17
2021-08-07 09:23:54,27.41,51.69,27.08,51.38,-1.1
2021-08-07 09:24:54,27.38,51.69,27.08,51.38,-1.1
2021-08-07 09:25:54,27.41,51.41,27.03,51.31,-1.1
2021-08-07 09:26:55,27.24,51.34,27.03,51.03,-1.1
2021-08-07 09:27:55,27.13,51.96,26.95,51.41,-1.1
2021-08-07 09:28:55,27.13,53.17,26.95,51.58,-1.1
2021-08-07 09:29:56,27.13,53.89,26.95,51.86,-1.1
2021-08-07 09:30:56,27.17,54.23,26.95,52.48,-1.1
2021-08-07 09:31:56,27.31,54.23,26.95,52.96,-1.1
2021-08-07 09:32:57,27.41,54.44,27.0,53.51,-1.1
2021-08-07 09:33:57,27.46,54.44,27.08,53.79,-1.1
2021-08-07 09:36:22,27.55,55.82,27.22,54.61,-1.25
2021-08-07 09:37:22,27.58,55.75,27.26,54.55,-1.25
2021-08-07 09:38:23,27.68,54.99,27.36,54.23,-1.25
2021-08-07 09:39:23,27.82,54.99,27.41,53.96,-1.38
2021-08-07 09:40:23,27.82,54.89,27.5,53.51,-1.38
2021-08-07 09:41:24,27.88,54.65,27.63,53.13,-1.38
2021-08-07 09:42:24,27.96,54.34,27.67,52.86,-1.25
2021-08-07 09:43:24,28.01,53.89,27.77,52.62,-1.1
2021-08-07 09:44:25,28.1,53.51,27.81,52.34,-1.1
2021-08-07 09:45:25,28.24,53.27,27.91,52.13,-1.1
2021-08-07 09:46:25,28.27,53.06,27.91,52.03,-1.1
2021-08-07 09:47:26,28.37,52.79,27.96,51.79,-1.1
2021-08-07 09:48:26,28.37,52.69,28.05,51.58,-1.1
2021-08-07 09:49:26,28.43,52.51,28.08,51.52,-1.1
2021-08-07 09:50:26,28.51,52.41,28.1,51.48,-1.1
2021-08-07 09:51:27,28.55,52.24,28.18,51.31,-1.1
2021-08-07 09:52:27,28.56,51.96,28.18,51.31,-1.1
2021-08-07 09:53:27,28.65,51.96,28.22,51.2,-1.1
2021-08-07 09:54:00,28.65,51.89,28.24,51.2,-1.1
2021-08-07 09:54:28,28.65,51.86,28.24,51.2,-1.03
2021-08-07 09:55:00,28.68,51.69,28.32,51.2,-1.03
2021-08-07 09:55:28,28.68,51.69,28.32,51.03,-1.03
2021-08-07 09:56:00,28.68,51.62,28.32,51.03,-1.03
2021-08-07 09:56:28,28.7,51.62,28.32,51.03,-1.03
2021-08-07 09:57:01,28.79,51.58,28.32,51.03,-1.03
2021-08-07 09:57:28,28.79,51.41,28.43,51.03,-1.03
2021-08-07 09:58:01,28.79,51.41,28.43,51.03,-1.1
2021-08-07 09:58:29,28.79,51.34,28.43,51.03,-1.1
2021-08-07 09:59:01,28.79,51.34,28.46,51.03,-1.1
2021-08-07 09:59:29,28.79,51.31,28.46,51.03,-1.1
2021-08-07 10:00:01,28.79,51.13,28.46,51.03,-1.1
2021-08-07 10:00:29,28.82,51.13,28.46,51.03,-1.03
2021-08-07 10:01:02,28.82,51.13,28.46,51.03,-1.03
2021-08-07 10:01:30,28.84,51.07,28.46,51.03,-1.03
2021-08-07 10:02:02,28.84,51.03,28.46,51.03,-1.03
2021-08-07 10:02:30,28.84,51.03,28.46,51.03,-1.03
2021-08-07 10:03:02,28.93,50.86,28.46,51.03,-1.03
2021-08-07 10:03:30,28.93,50.86,28.46,51.03,-1.03
2021-08-07 10:04:03,28.93,50.86,28.46,50.96,-1.03
2021-08-07 10:04:30,28.93,50.86,28.46,50.96,-1.03
2021-08-07 10:05:03,28.93,50.86,28.49,50.96,-1.1
2021-08-07 10:05:31,28.93,50.79,28.46,50.93,-1.1
2021-08-07 10:06:03,28.93,50.76,28.56,50.93,-1.1
2021-08-07 10:06:31,28.93,50.76,28.6,50.93,-1.1
2021-08-07 10:07:04,28.93,50.59,28.6,50.76,-1.1
2021-08-07 10:07:31,28.93,50.59,28.6,50.76,-1.1
2021-08-07 10:08:05,28.93,50.59,28.6,50.76,-1.1
2021-08-07 10:08:32,28.93,50.59,28.6,50.76,-1.1
2021-08-07 10:09:05,28.96,50.52,28.6,50.76,-1.1
2021-08-07 10:09:32,28.93,50.52,28.6,50.76,-1.1
2021-08-07 10:10:05,28.93,50.48,28.6,50.69,-1.03
2021-08-07 10:10:32,28.96,50.48,28.6,50.65,-1.03
2021-08-07 10:11:05,28.96,50.31,28.6,50.48,-1.03
2021-08-07 10:11:32,28.96,50.31,28.6,50.48,-1.03
2021-08-07 10:12:06,28.96,50.31,28.6,50.48,-1.03
2021-08-07 10:12:33,28.96,50.31,28.6,50.48,-0.97
2021-08-07 10:13:06,28.96,50.24,28.6,50.48,-1.38
2021-08-07 10:13:33,28.98,50.24,28.6,50.48,-1.38
2021-08-07 10:14:06,28.98,50.2,28.6,50.41,-1.31
2021-08-07 10:14:33,28.98,50.03,28.6,50.41,-1.38
2021-08-07 10:15:07,29.06,50.03,28.6,50.38,-1.38
2021-08-07 10:15:34,29.06,49.97,28.6,50.38,-1.38
2021-08-07 10:16:07,29.06,49.97,28.6,50.2,-1.38
2021-08-07 10:16:34,29.06,49.97,28.6,50.2,-1.38
2021-08-07 10:17:07,29.06,49.97,28.6,50.2,-1.38
2021-08-07 10:17:34,29.06,49.97,28.6,50.2,-1.38
2021-08-07 10:18:07,29.06,49.97,28.6,50.2,-1.31
2021-08-07 10:18:35,29.06,49.93,28.63,50.14,-1.38
2021-08-07 10:19:08,29.06,49.76,28.63,50.14,-1.52
2021-08-07 10:19:35,29.06,49.76,28.63,50.1,-1.38
2021-08-07 10:20:08,29.06,49.76,28.63,50.1,-1.38
2021-08-07 10:20:35,29.06,49.76,28.63,49.93,-1.31
2021-08-07 10:21:08,29.06,49.76,28.63,49.93,-1.38
2021-08-07 10:21:36,29.06,49.69,28.63,49.93,-1.31
2021-08-07 10:22:09,29.06,49.69,28.63,49.93,-1.38
2021-08-07 10:22:36,29.06,49.66,28.65,49.93,-1.38
2021-08-07 10:23:09,29.06,49.66,28.65,49.93,-1.38
2021-08-07 10:23:36,29.06,49.66,28.65,49.86,-1.38
2021-08-07 10:24:09,29.06,49.66,28.65,49.86,-1.38
2021-08-07 10:24:36,29.06,49.48,28.65,49.86,-1.38
2021-08-07 10:25:10,29.06,49.48,28.65,49.83,-1.38
2021-08-07 10:25:37,29.06,49.48,28.65,49.66,-1.38
2021-08-07 10:26:10,29.06,49.48,28.73,49.66,-0.97
2021-08-07 10:26:37,29.06,49.41,28.73,49.66,-0.97
2021-08-07 10:27:10,29.06,49.41,28.73,49.66,-0.97
2021-08-07 10:27:37,29.06,49.38,28.73,49.59,-1.03
2021-08-07 10:28:11,29.06,49.38,28.73,49.59,-1.03
2021-08-07 10:28:38,29.06,49.38,28.73,49.55,-1.03
2021-08-07 10:29:11,29.06,49.21,28.73,49.55,-1.03
2021-08-07 10:29:38,29.06,49.21,28.73,49.55,-1.03
2021-08-07 10:30:11,29.06,49.21,28.73,49.38,-1.03
2021-08-07 10:30:38,29.06,49.21,28.73,49.38,-1.03
2021-08-07 10:31:11,29.06,49.21,28.73,49.38,-1.03
2021-08-07 10:31:38,29.1,49.21,28.73,49.38,-1.03
2021-08-07 10:32:12,29.1,49.21,28.73,49.38,-1.03
2021-08-07 10:32:39,29.1,49.14,28.73,49.38,-1.03
2021-08-07 10:33:12,29.1,49.14,28.73,49.31,-1.03
2021-08-07 10:33:39,29.1,49.1,28.73,49.31,-1.17
2021-08-07 10:34:12,29.1,49.1,28.73,49.31,-1.03
2021-08-07 10:34:39,29.1,48.93,28.73,49.31,-1.03
2021-08-07 10:35:13,29.1,48.93,28.73,49.1,-1.03
2021-08-07 10:35:40,29.1,48.93,28.73,49.1,-1.03
2021-08-07 10:36:13,29.1,48.93,28.73,49.1,-1.17
2021-08-07 10:36:40,29.12,48.93,28.73,49.1,-1.17
2021-08-07 10:37:13,29.1,48.93,28.73,49.1,-1.03
2021-08-07 10:37:40,29.1,48.93,28.73,49.1,-1.03
2021-08-07 10:38:13,29.2,48.93,28.73,49.03,-1.38
2021-08-07 10:38:40,29.2,48.86,28.73,49.03,-1.25
2021-08-07 10:39:14,29.2,48.86,28.73,49.0,-1.25
2021-08-07 10:39:41,29.2,48.86,28.73,48.83,-1.25
2021-08-07 10:40:14,29.17,48.83,28.73,48.83,-1.25
2021-08-07 10:40:41,29.17,48.83,28.73,48.83,-1.25
2021-08-07 10:41:14,29.2,48.83,28.73,48.83,-1.31
2021-08-07 10:41:41,29.2,48.83,28.73,48.83,-0.97
2021-08-07 10:42:15,29.2,48.83,28.73,48.83,-0.97
2021-08-07 10:42:42,29.2,48.66,28.73,48.83,-1.38
2021-08-07 10:43:15,29.2,48.66,28.73,48.83,-1.38
2021-08-07 10:43:42,29.2,48.66,28.73,48.83,-1.38
2021-08-07 10:44:15,29.2,48.66,28.73,48.83,-1.38
2021-08-07 10:44:42,29.2,48.66,28.73,48.76,-1.38
2021-08-07 10:45:16,29.2,48.66,28.73,48.72,-1.31
2021-08-07 10:45:42,29.2,48.66,28.73,48.72,-1.31
2021-08-07 10:46:16,29.2,48.66,28.73,48.72,-1.1
2021-08-07 10:46:43,29.2,48.66,28.73,48.72,-1.1
2021-08-07 10:47:16,29.2,48.66,28.77,48.55,-1.52
2021-08-07 10:47:43,29.2,48.66,28.84,48.55,-1.31
2021-08-07 10:48:17,29.2,48.66,28.84,48.55,-1.45
2021-08-07 10:48:43,29.2,48.66,28.84,48.55,-1.03
2021-08-07 10:49:17,29.2,48.66,28.84,48.55,-1.03
2021-08-07 10:49:44,29.2,48.66,28.87,48.55,-1.17
2021-08-07 10:50:17,29.2,48.66,28.87,48.55,-1.03
2021-08-07 10:50:44,29.2,48.66,28.87,48.48,-1.17
2021-08-07 10:51:17,29.2,48.66,28.87,48.48,-1.17
2021-08-07 10:51:44,29.2,48.66,28.87,48.48,-1.59
2021-08-07 10:52:18,29.2,48.66,28.87,48.48,-1.17
2021-08-07 10:52:45,29.2,48.66,28.87,48.55,-1.17
2021-08-07 11:28:17,29.34,48.1,28.98,47.45,-0.97
2021-08-07 11:29:18,29.34,48.04,28.98,47.45,-1.31
2021-08-07 11:30:18,29.34,48.04,28.98,47.45,-1.38
2021-08-07 11:31:18,29.34,48.0,28.98,47.38,-1.38
2021-08-07 11:32:19,29.34,47.83,28.98,47.38,-1.38
2021-08-07 11:33:19,29.34,47.83,28.98,47.38,-1.38
2021-08-07 11:34:20,29.34,47.83,28.98,47.38,-1.38
2021-08-07 11:35:20,29.34,47.83,28.98,47.38,-1.38
2021-08-07 11:36:21,29.34,47.83,28.98,47.17,-1.38
2021-08-07 11:37:21,29.34,47.76,28.98,47.17,-1.38
2021-08-07 11:38:21,29.34,47.72,28.98,47.17,-1.03
2021-08-07 11:39:22,29.34,47.72,28.98,47.17,-1.03
2021-08-07 11:40:22,29.34,47.72,28.98,47.1,-1.1
2021-08-07 11:41:22,29.34,47.55,28.98,47.17,-1.03
2021-08-07 11:42:22,29.34,47.55,28.87,47.1,-1.31
2021-08-07 11:43:23,29.34,47.55,28.87,47.1,-1.31
2021-08-07 11:44:23,29.34,47.48,28.91,47.07,-1.45
2021-08-07 11:45:23,29.34,47.45,28.87,46.9,-1.45
2021-08-07 11:46:24,29.34,47.28,28.87,46.9,-1.38
2021-08-07 11:47:24,29.34,47.28,28.91,46.9,-1.38
2021-08-07 11:48:24,29.34,47.28,28.91,46.9,-1.45
2021-08-07 11:49:25,29.34,47.28,28.91,46.9,-1.45
2021-08-07 11:50:25,29.34,47.17,28.91,46.9,-1.17
2021-08-07 11:51:25,29.34,47.0,28.91,46.35,-1.38
2021-08-07 11:52:26,29.34,46.9,28.91,45.63,-1.38
2021-08-07 11:53:26,29.17,46.73,29.01,45.52,-1.38
2021-08-07 11:54:26,29.06,46.73,28.96,44.97,-0.97
2021-08-07 11:55:27,28.87,47.0,28.7,44.97,-1.31
2021-08-07 11:56:27,28.65,47.55,28.46,45.63,-0.9
2021-08-07 11:57:27,28.65,47.9,28.46,45.9,-0.97
2021-08-07 11:58:28,28.62,48.1,28.46,46.14,-1.1
2021-08-07 11:59:28,28.6,48.17,28.32,46.35,-1.25
2021-08-07 12:00:29,28.62,48.17,28.32,46.35,-1.03
2021-08-07 12:01:29,28.65,48.1,28.32,46.35,-1.38
2021-08-07 12:02:29,28.65,48.1,28.32,46.35,-1.17
2021-08-07 12:03:30,28.65,48.0,28.36,46.35,-1.45
2021-08-07 12:04:30,28.68,47.83,28.36,46.35,-1.03
2021-08-07 12:05:30,28.7,47.72,28.46,46.28,-1.03
2021-08-07 12:06:31,28.79,47.55,28.46,46.28,-1.1
2021-08-07 12:07:31,28.79,47.48,28.49,46.25,-1.45
2021-08-07 12:08:31,28.82,47.28,28.49,46.07,-1.31
2021-08-07 12:09:31,28.84,47.21,28.51,46.07,-2.28
2021-08-07 12:10:32,28.93,47.0,28.6,46.07,-0.9
2021-08-07 12:11:32,28.93,46.94,28.6,46.07,-1.38
2021-08-07 12:12:32,28.96,46.73,28.6,45.73,5.31
2021-08-07 12:13:33,28.96,46.66,28.63,45.8,-1.03
2021-08-07 12:14:33,28.98,46.66,28.63,45.8,-1.1
2021-08-07 12:15:33,29.06,46.63,28.65,45.8,-1.31
2021-08-07 12:16:34,29.06,46.45,28.65,45.8,-1.1
2021-08-07 12:17:34,29.06,46.38,28.73,45.52,-1.1
2021-08-07 12:18:34,29.1,46.38,28.73,45.52,-1.1
2021-08-07 12:19:35,29.1,46.35,28.73,45.59,-1.1
2021-08-07 12:20:35,29.1,46.18,28.77,45.52,-1.1
2021-08-07 12:21:35,29.12,46.18,28.77,45.52,-1.1
2021-08-07 12:22:36,29.2,46.11,28.77,45.52,-1.1
2021-08-07 12:23:36,29.2,46.11,28.79,45.52,-1.1
2021-08-07 12:24:36,29.2,46.07,28.79,45.25,-1.1
2021-08-07 12:25:37,29.2,45.9,28.87,45.25,-1.1
2021-08-07 12:26:37,29.2,45.9,28.87,45.25,-1.1
2021-08-07 12:27:38,29.2,45.9,28.87,45.25,-1.1
2021-08-07 12:28:38,29.23,45.83,28.87,45.25,-1.25
2021-08-07 12:29:38,29.23,45.83,28.87,45.25,-1.17
2021-08-07 12:30:39,29.23,45.83,28.87,45.32,-1.17
2021-08-07 12:31:39,29.23,45.8,28.87,45.25,-1.17
2021-08-07 12:32:39,29.23,45.8,28.87,45.25,-1.17
2021-08-07 12:33:40,29.25,45.63,28.87,45.18,-1.17
2021-08-07 12:34:40,29.25,45.63,28.91,44.97,-1.17
2021-08-07 12:35:40,29.25,45.63,28.91,44.97,-1.17
2021-08-07 12:36:40,29.25,45.63,28.91,44.97,-1.17
2021-08-07 12:37:41,29.25,45.63,28.91,44.97,-1.17
2021-08-07 12:38:41,29.25,45.63,28.91,44.9,-1.17
2021-08-07 12:39:41,29.34,45.63,28.91,44.9,-1.17
2021-08-07 12:40:42,29.34,45.63,28.91,44.97,-1.17
2021-08-07 12:41:42,29.34,45.63,28.93,44.97,-1.72
2021-08-07 12:42:42,29.34,45.63,28.93,45.04,-1.17
2021-08-07 12:43:42,29.34,45.63,28.93,44.97,-1.17
2021-08-07 12:44:43,29.34,45.63,28.93,44.97,-1.17
2021-08-07 12:45:43,29.34,45.63,28.93,44.97,-1.17
2021-08-07 12:46:43,29.34,45.63,28.93,44.97,-1.31
2021-08-07 12:47:44,29.34,45.56,28.93,44.97,-1.17
2021-08-07 12:48:44,29.34,45.56,29.01,44.97,-1.1
2021-08-07 12:49:44,29.34,45.52,29.01,44.97,-1.03
2021-08-07 12:50:44,29.34,45.52,29.01,44.97,-1.03
2021-08-07 12:51:45,29.34,45.52,29.01,44.97,-1.03
2021-08-07 12:52:45,29.34,45.52,29.01,44.9,-1.17
2021-08-07 12:53:45,29.34,45.52,29.01,44.97,-1.17
2021-08-07 12:54:46,29.34,45.35,29.01,45.04,-1.17
2021-08-07 12:55:46,29.37,45.35,29.01,44.97,-1.03
2021-08-07 12:56:46,29.37,45.35,29.01,44.97,-1.17
2021-08-07 12:57:47,29.37,45.35,29.01,44.9,-1.03
2021-08-07 12:58:47,29.39,45.35,29.01,44.9,-1.03
2021-08-07 12:59:47,29.37,45.35,29.01,44.69,-1.17
2021-08-07 13:00:47,29.39,45.35,29.01,44.8,-1.17
2021-08-07 13:01:48,29.39,45.35,29.01,44.97,-1.03
2021-08-07 13:02:48,29.39,45.28,29.01,44.9,-1.17
2021-08-07 13:03:48,29.39,45.28,29.01,44.9,-1.03
2021-08-07 13:04:49,29.39,45.28,29.01,44.97,-1.17
2021-08-07 13:05:49,29.48,45.25,29.01,44.97,-1.03
2021-08-07 13:06:49,29.48,45.28,29.01,44.87,-1.03
2021-08-07 13:07:49,29.48,45.28,29.01,44.69,-1.03
2021-08-07 13:08:50,29.48,45.28,29.01,44.8,-1.03
2021-08-07 13:09:50,29.48,45.28,29.01,44.69,-1.03
2021-08-07 13:10:50,29.48,45.28,29.01,44.69,-1.17
2021-08-07 13:11:51,29.48,45.28,29.01,44.8,-1.17
2021-08-07 13:12:51,29.48,45.28,29.04,44.69,-1.03
2021-08-07 13:13:51,29.48,45.28,29.01,44.69,-1.03
2021-08-07 13:14:51,29.48,45.25,29.04,44.69,-1.03
2021-08-07 13:15:52,29.48,45.07,29.04,44.69,-1.17
2021-08-07 13:16:52,29.48,45.07,29.04,44.9,-1.03
2021-08-07 13:17:52,29.48,45.07,29.04,44.69,-1.17
2021-08-07 13:18:53,29.48,45.07,29.04,44.77,-1.1
2021-08-07 13:19:53,29.48,45.07,29.04,44.8,-1.1
2021-08-07 13:20:53,29.48,45.07,29.15,44.69,-1.1
2021-08-07 13:21:53,29.48,45.0,29.04,44.87,-1.1
2021-08-07 13:22:54,29.48,45.0,29.04,44.97,-1.25
2021-08-07 13:23:54,29.48,45.0,29.04,44.9,-1.52
2021-08-07 13:24:54,29.48,45.0,29.04,44.97,-1.66
2021-08-07 13:25:55,29.48,45.07,29.04,44.9,-1.52
2021-08-07 13:26:55,29.48,45.07,29.04,44.9,-1.1
2021-08-07 13:27:55,29.48,45.0,29.04,44.69,-1.1
2021-08-07 13:28:55,29.48,44.97,29.04,44.69,-1.1
2021-08-07 13:29:56,29.48,44.8,29.04,44.69,-1.1
2021-08-07 13:30:56,29.48,44.8,29.04,44.69,-1.25
2021-08-07 13:31:56,29.48,44.8,29.04,44.9,-1.25
2021-08-07 13:32:57,29.48,44.8,29.04,44.87,-1.1
2021-08-07 13:33:57,29.48,44.8,29.04,44.87,-1.25
2021-08-07 13:34:57,29.48,44.8,29.04,44.69,-1.1
2021-08-07 13:35:57,29.48,44.8,29.04,44.69,-1.1
2021-08-07 13:36:58,29.48,44.8,29.04,44.69,-1.1
2021-08-07 13:37:58,29.48,44.8,29.04,44.69,-1.25
2021-08-07 13:38:58,29.48,44.8,29.04,44.69,-1.1
2021-08-07 13:39:59,29.48,44.8,29.04,44.69,-1.1
2021-08-07 13:40:59,29.48,44.8,29.04,44.69,-1.1
2021-08-07 13:41:59,29.48,44.8,29.01,44.69,-1.25
2021-08-07 13:42:59,29.48,44.8,29.04,44.69,-1.17
2021-08-07 13:44:00,29.48,44.8,29.04,44.69,-1.17
2021-08-07 13:45:00,29.48,44.8,29.04,44.69,-1.31
2021-08-07 13:46:00,29.48,44.8,29.04,44.69,-1.31
2021-08-07 13:47:01,29.48,44.8,29.04,44.69,-1.45
2021-08-07 13:48:01,29.48,44.8,29.04,44.69,-1.45
2021-08-07 13:49:01,29.48,44.8,29.04,44.69,-1.17
2021-08-07 13:50:01,29.48,44.8,29.04,44.69,-1.17
2021-08-07 13:51:02,29.48,44.8,29.04,44.69,-1.17
2021-08-07 13:52:02,29.48,44.8,29.04,44.69,-1.17
2021-08-07 13:53:02,29.48,44.8,29.04,44.69,-1.17
2021-08-07 13:54:03,29.48,44.8,29.04,44.69,-1.31
2021-08-07 13:55:03,29.48,44.8,29.04,44.8,-1.72
2021-08-07 13:56:03,29.48,44.8,29.04,44.97,-2.14
2021-08-07 13:57:03,29.48,44.87,29.06,44.97,-1.72
2021-08-07 13:58:04,29.48,44.8,29.06,44.69,-1.59
2021-08-07 13:59:04,29.48,44.8,29.06,44.69,-1.17
2021-08-07 14:00:04,29.48,44.8,29.06,44.97,-1.31
2021-08-07 14:01:05,29.48,44.8,29.06,44.97,-1.72
2021-08-07 14:02:05,29.48,44.8,29.15,44.97,-1.59
2021-08-07 14:03:05,29.48,44.8,29.15,44.9,-1.31
2021-08-07 14:04:06,29.48,44.8,29.15,44.97,-1.45
2021-08-07 14:05:06,29.48,44.8,29.15,44.97,-1.45
2021-08-07 14:06:06,29.48,44.8,29.15,44.87,-1.45
2021-08-07 14:07:06,29.48,44.8,29.15,44.69,-1.45
2021-08-07 14:08:07,29.48,44.87,29.15,44.69,-1.45
2021-08-07 14:09:07,29.48,44.87,29.15,44.69,-1.45
2021-08-07 14:10:07,29.48,44.9,29.15,44.69,-1.45
2021-08-07 14:11:08,29.48,45.07,29.15,44.69,-1.45
2021-08-07 14:12:08,29.48,44.97,29.15,44.63,-1.03
2021-08-07 14:13:08,29.48,45.0,29.15,44.63,-1.45
2021-08-07 14:14:09,29.48,45.0,29.15,44.59,-1.79
2021-08-07 14:15:09,29.48,45.07,29.15,44.63,-1.38
2021-08-07 14:16:09,29.48,45.07,29.15,44.63,-1.45
2021-08-07 14:17:09,29.48,45.07,29.15,44.63,-1.45
2021-08-07 14:18:10,29.51,44.97,29.15,44.63,-1.45
2021-08-07 14:19:10,29.51,44.97,29.15,44.59,-1.45
2021-08-07 14:20:10,29.51,44.8,29.15,44.63,-1.45
2021-08-07 14:21:11,29.51,44.8,29.15,44.63,-1.45
2021-08-07 14:22:11,29.51,44.8,29.15,44.59,-1.45
2021-08-07 14:23:11,29.51,44.8,29.15,44.59,-1.45
2021-08-07 14:24:11,29.51,44.73,29.15,44.59,-1.45
2021-08-07 14:25:12,29.53,44.73,29.15,44.59,-1.59
2021-08-07 14:26:12,29.53,44.69,29.15,44.59,-1.17
2021-08-07 14:27:12,29.53,44.73,29.15,44.42,-1.17
2021-08-07 14:28:13,29.51,44.73,29.15,44.42,-1.17
2021-08-07 14:29:13,29.53,44.69,29.15,44.42,-1.17
2021-08-07 14:30:13,29.51,44.52,29.15,44.42,-1.38
2021-08-07 14:31:13,29.53,44.52,29.15,44.42,-1.38
2021-08-07 14:32:14,29.53,44.52,29.15,44.42,-1.25
2021-08-07 14:33:14,29.61,44.45,29.15,44.42,-1.17
2021-08-07 14:34:14,29.61,44.45,29.15,44.42,-1.31
2021-08-07 14:35:15,29.61,44.52,29.15,44.42,-1.31
2021-08-07 14:36:15,29.61,44.42,29.15,44.42,-1.31
2021-08-07 14:37:15,29.61,44.42,29.15,44.42,-1.31
2021-08-07 14:38:16,29.61,44.42,29.15,44.42,-1.31
2021-08-07 14:39:16,29.61,44.42,29.15,44.42,-1.31
2021-08-07 14:40:16,29.61,44.52,29.15,44.42,-1.45
2021-08-07 14:41:16,29.61,44.52,29.15,44.42,-1.31
2021-08-07 14:42:17,29.61,44.52,29.15,44.42,-1.31
2021-08-07 14:43:17,29.58,44.52,29.15,44.49,-1.31
2021-08-07 14:44:17,29.58,44.52,29.15,44.42,-1.31
2021-08-07 14:45:18,29.58,44.59,29.15,44.42,-1.31
2021-08-07 14:46:18,29.56,44.59,29.15,44.42,-1.31
2021-08-07 14:47:18,29.56,44.59,29.15,44.42,-1.31
2021-08-07 14:48:18,29.58,44.59,29.15,44.49,-1.31
2021-08-07 14:49:19,29.58,44.52,29.15,44.42,-1.31
2021-08-07 14:50:19,29.58,44.52,29.15,44.69,-1.31
2021-08-07 14:51:19,29.58,44.52,29.15,44.69,-1.31
2021-08-07 14:52:20,29.58,44.52,29.15,44.69,-1.31
2021-08-07 14:53:20,29.61,44.52,29.15,44.63,-0.9
2021-08-07 14:54:20,29.56,44.52,29.15,44.69,-1.87
2021-08-07 14:55:21,29.48,44.8,29.15,44.69,-1.79
2021-08-07 14:56:21,29.48,44.8,29.15,44.63,-1.25
2021-08-07 14:57:21,29.48,44.8,29.15,44.69,-1.25
2021-08-07 14:58:21,29.51,44.73,29.15,44.69,-1.25
2021-08-07 14:59:22,29.51,44.52,29.15,44.69,-1.25
2021-08-07 15:00:22,29.51,44.52,29.15,44.69,-1.25
2021-08-07 15:01:23,29.51,44.52,29.15,44.87,-1.25
2021-08-07 15:02:23,29.51,44.52,29.15,44.69,-1.25
2021-08-07 15:03:23,29.48,44.59,29.15,44.69,-1.25
2021-08-07 15:04:23,29.48,44.59,29.15,44.63,-1.25
2021-08-07 15:05:24,29.48,44.63,29.15,44.59,-1.79
2021-08-07 15:06:24,29.48,44.8,29.15,44.69,-1.25
2021-08-07 15:07:24,29.48,44.8,29.15,44.69,-1.25
2021-08-07 15:08:25,29.48,44.8,29.15,44.63,-1.1
2021-08-07 15:09:25,29.51,44.8,29.15,44.69,-1.17
2021-08-07 15:10:25,29.51,44.8,29.15,44.69,-1.17
2021-08-07 15:11:26,29.51,44.8,29.15,44.63,-1.17
2021-08-07 15:12:26,29.48,44.8,29.15,44.69,-1.17
2021-08-07 15:13:26,29.48,44.8,29.15,44.63,-1.17
2021-08-07 15:14:26,29.51,44.8,29.15,44.69,-1.25
2021-08-07 15:15:27,29.51,44.8,29.18,44.69,-1.25
2021-08-07 15:16:27,29.48,44.8,29.18,44.69,-1.52
2021-08-07 15:17:27,29.51,44.8,29.15,44.63,-1.59
2021-08-07 15:18:28,29.48,44.8,29.18,44.63,-1.59
2021-08-07 15:19:28,29.48,44.8,29.18,44.63,-1.38
2021-08-07 15:20:29,29.51,44.8,29.18,44.69,-1.59
2021-08-07 15:21:29,29.48,44.8,29.18,44.63,-1.59
2021-08-07 15:22:29,29.51,44.8,29.18,44.59,-1.59
2021-08-07 15:23:30,29.51,44.8,29.18,44.59,-1.38
2021-08-07 15:24:30,29.53,44.8,29.18,44.63,-1.59
2021-08-07 15:25:30,29.53,44.73,29.18,44.59,-1.45
2021-08-07 15:26:31,29.61,44.73,29.18,44.59,-1.31
2021-08-07 15:27:31,29.61,44.52,29.18,44.42,-1.31
2021-08-07 15:28:31,29.61,44.52,29.18,44.42,-1.38
2021-08-07 15:29:31,29.61,44.52,29.18,44.42,-1.66
2021-08-07 15:30:32,29.61,44.52,29.18,44.42,-1.45
2021-08-07 15:31:32,29.61,44.59,29.18,44.49,-1.79
2021-08-07 15:32:32,29.58,44.8,29.18,44.49,-2.07
2021-08-07 15:33:33,29.58,44.8,29.18,44.49,-2.07
2021-08-07 15:34:33,29.58,44.9,29.18,44.49,-1.38
2021-08-07 15:35:33,29.58,44.87,29.18,44.49,-1.31
2021-08-07 15:36:33,29.58,45.07,29.2,44.49,-1.31
2021-08-07 15:37:34,29.56,45.07,29.2,44.52,-1.72
2021-08-07 15:38:34,29.56,45.18,29.2,44.52,-1.72
2021-08-07 15:39:34,29.58,45.35,29.2,44.52,-1.31
2021-08-07 15:40:35,29.58,45.25,29.2,44.69,-1.31
2021-08-07 15:41:35,29.58,45.28,29.2,44.69,-1.31
2021-08-07 15:42:35,29.58,45.28,29.2,44.69,-1.31
2021-08-07 15:43:36,29.61,45.28,29.2,44.69,-1.31
2021-08-07 15:44:36,29.61,45.07,29.2,44.69,-1.31
2021-08-07 15:45:36,29.61,45.0,29.2,44.69,-1.31
2021-08-07 15:46:36,29.61,45.07,29.2,44.69,-1.31
2021-08-07 15:47:37,29.61,45.07,29.2,44.69,-1.94
2021-08-07 15:48:37,29.61,45.07,29.2,44.69,-1.31
2021-08-07 15:49:37,29.61,45.07,29.2,44.69,-1.45
2021-08-07 15:50:38,29.61,45.07,29.29,44.69,-1.45
2021-08-07 15:51:38,29.61,45.07,29.29,44.69,-1.45
2021-08-07 15:52:38,29.61,45.0,29.29,44.69,-1.45
2021-08-07 15:53:38,29.61,45.07,29.29,44.69,-1.45
2021-08-07 15:54:39,29.61,45.07,29.29,44.69,-1.45
2021-08-07 15:55:39,29.61,45.07,29.29,44.77,-1.79
2021-08-07 15:56:39,29.61,45.07,29.29,44.77,-1.38
2021-08-07 15:57:40,29.61,45.07,29.29,44.69,-1.38
2021-08-07 15:58:40,29.61,45.07,29.29,44.69,-1.38
2021-08-07 15:59:40,29.61,45.07,29.29,44.77,-1.38
2021-08-07 16:00:41,29.61,45.07,29.29,44.69,-1.38
2021-08-07 16:01:41,29.61,45.07,29.29,44.69,-1.38
2021-08-07 16:02:41,29.61,45.07,29.29,44.69,-1.52
2021-08-07 16:03:42,29.58,45.18,29.29,44.69,-2.14
2021-08-07 16:04:42,29.56,45.35,29.29,44.69,-1.45
2021-08-07 16:05:42,29.58,45.35,29.29,44.69,-1.45
2021-08-07 16:06:42,29.58,45.35,29.29,44.77,-1.45
2021-08-07 16:07:43,29.58,45.35,29.29,44.77,-1.45
2021-08-07 16:08:43,29.58,45.35,29.29,44.77,-1.45
2021-08-07 16:09:43,29.61,45.35,29.29,44.69,-1.66
2021-08-07 16:10:44,29.58,45.35,29.29,44.77,-1.59
2021-08-07 16:11:44,29.58,45.35,29.29,44.77,-1.38
2021-08-07 16:12:44,29.61,45.35,29.29,44.8,-1.45
2021-08-07 16:13:44,29.58,45.35,29.29,44.8,-1.59
2021-08-07 16:14:45,29.61,45.35,29.29,44.97,-1.59
2021-08-07 16:15:45,29.61,45.28,29.29,44.97,-2.49
2021-08-07 16:16:46,29.58,45.35,29.29,44.97,-1.59
2021-08-07 16:17:46,29.61,45.35,29.29,44.97,-1.59
2021-08-07 16:18:46,29.61,45.35,29.29,44.97,-1.25
2021-08-07 16:19:47,29.61,45.25,29.29,44.97,-1.59
2021-08-07 16:20:47,29.61,45.28,29.29,44.97,-1.72
2021-08-07 16:21:47,29.61,45.35,29.29,44.97,-1.45
2021-08-07 16:22:47,29.61,45.35,29.29,44.97,-1.59
2021-08-07 16:23:48,29.61,45.35,29.29,44.97,-1.25
2021-08-07 16:24:48,29.61,45.25,29.29,44.97,-1.59
2021-08-07 16:25:48,29.61,45.35,29.29,45.04,-1.03
2021-08-07 16:26:49,29.61,45.35,29.29,45.07,-1.25
2021-08-07 16:27:49,29.61,45.28,29.29,45.18,-1.59
2021-08-07 16:28:49,29.61,45.35,29.29,45.25,-1.72
2021-08-07 16:29:49,29.61,45.35,29.29,45.25,-1.17
2021-08-07 16:30:50,29.61,45.35,29.29,45.25,-1.31
2021-08-07 16:31:50,29.58,45.35,29.29,45.25,-1.87
2021-08-07 16:32:51,29.56,45.45,29.29,45.14,-1.72
2021-08-07 16:33:51,29.58,45.63,29.29,45.25,-1.31
2021-08-07 16:34:51,29.58,45.63,29.29,45.25,-1.66
2021-08-07 16:35:52,29.61,45.52,29.29,45.18,-1.1
2021-08-07 16:36:52,29.61,45.35,29.29,45.18,-1.17
2021-08-07 16:37:52,29.61,45.35,29.29,45.18,-1.38
2021-08-07 16:38:53,29.61,45.35,29.29,45.18,-1.45
2021-08-07 16:39:53,29.61,45.35,29.29,45.18,-1.03
2021-08-07 16:40:53,29.61,45.35,29.29,45.25,-1.45
2021-08-07 16:41:53,29.61,45.35,29.29,45.25,-1.45
2021-08-07 16:42:54,29.61,45.35,29.29,45.25,-1.45
2021-08-07 16:43:54,29.61,45.35,29.29,45.25,-0.9
2021-08-07 16:44:54,29.61,45.35,29.29,45.25,-1.31
2021-08-07 16:45:55,29.61,45.35,29.29,45.25,-2.0
2021-08-07 16:46:55,29.61,45.35,29.29,45.25,-1.45
2021-08-07 16:47:55,29.61,45.35,29.29,45.25,-1.45
2021-08-07 16:48:56,29.61,45.35,29.29,45.25,-1.45
2021-08-07 16:49:56,29.61,45.35,29.29,45.25,-1.45
2021-08-07 16:50:56,29.61,45.35,29.29,45.25,-1.45
2021-08-07 16:51:56,29.61,45.35,29.29,45.18,-1.45
2021-08-07 16:52:57,29.61,45.35,29.29,45.25,-1.45
2021-08-07 16:53:57,29.61,45.35,29.29,45.18,-1.45
2021-08-07 16:54:58,29.61,45.35,29.29,45.25,-1.45
2021-08-07 16:55:58,29.61,45.35,29.29,45.25,-1.45
2021-08-07 16:56:58,29.61,45.42,29.29,45.25,-1.45
2021-08-07 16:57:59,29.61,45.42,29.29,45.25,-1.45
2021-08-07 16:58:59,29.61,45.42,29.29,45.25,-1.45
2021-08-07 16:59:59,29.61,45.42,29.29,45.25,-1.38
2021-08-07 17:01:00,29.61,45.35,29.29,45.25,-0.97
2021-08-07 17:02:00,29.61,45.35,29.29,45.25,-1.52
2021-08-07 17:03:00,29.61,45.35,29.29,45.25,-1.31
2021-08-07 17:04:01,29.61,45.35,29.29,45.25,-1.31
2021-08-07 17:05:01,29.61,45.35,29.29,45.25,-1.45
2021-08-07 17:06:01,29.61,45.35,29.29,45.25,-1.31
2021-08-07 17:07:01,29.61,45.35,29.29,45.25,-1.31
2021-08-07 17:08:02,29.61,45.35,29.29,45.25,-1.31
2021-08-07 17:09:02,29.61,45.35,29.29,45.25,-1.52
2021-08-07 17:10:02,29.58,45.35,29.29,45.25,-1.38
2021-08-07 17:11:03,29.58,45.42,29.29,45.25,-1.38
2021-08-07 17:12:03,29.58,45.42,29.29,45.25,-1.94
2021-08-07 17:13:03,29.58,45.45,29.29,45.25,-1.38
2021-08-07 17:14:04,29.61,45.35,29.29,45.25,-1.52
2021-08-07 17:15:04,29.61,45.35,29.29,45.25,-1.38
2021-08-07 17:16:04,29.61,45.35,29.29,45.25,-1.38
2021-08-07 17:17:04,29.61,45.35,29.29,45.25,-1.17
2021-08-07 17:18:05,29.61,45.28,29.29,45.25,-1.38
2021-08-07 17:19:05,29.61,45.35,29.29,45.25,-1.38
2021-08-07 17:20:05,29.61,45.35,29.29,45.25,-1.25
2021-08-07 17:21:06,29.61,45.35,29.29,45.25,-1.38
2021-08-07 17:22:06,29.61,45.35,29.29,45.25,-1.38
2021-08-07 17:23:06,29.61,45.35,29.29,45.25,-1.38
2021-08-07 17:24:07,29.61,45.35,29.29,45.25,-1.38
2021-08-07 17:25:07,29.61,45.35,29.29,45.25,-1.38
2021-08-07 17:26:07,29.61,45.35,29.29,45.25,-1.38
2021-08-07 17:27:07,29.61,45.35,29.29,45.25,-1.38
2021-08-07 17:28:08,29.61,45.35,29.29,45.25,-1.38
2021-08-07 17:29:08,29.61,45.28,29.29,45.25,-1.38
2021-08-07 17:30:08,29.61,45.28,29.29,45.25,-1.38
2021-08-07 17:31:08,29.61,45.28,29.29,45.25,-1.38
2021-08-07 17:32:09,29.61,45.25,29.29,45.25,-1.52
2021-08-07 17:33:09,29.61,45.25,29.25,45.25,-1.38
2021-08-07 17:34:09,29.61,45.07,29.25,45.18,-1.38
2021-08-07 17:35:10,29.61,45.07,29.25,45.18,-1.59
2021-08-07 17:36:10,29.61,45.07,29.25,45.18,-1.59
2021-08-07 17:37:10,29.61,45.07,29.25,45.14,-1.59
2021-08-07 17:38:11,29.61,45.07,29.25,45.18,-1.59
2021-08-07 17:39:11,29.61,45.07,29.25,45.14,-1.45
2021-08-07 17:40:11,29.61,45.07,29.25,44.97,-1.59
2021-08-07 17:41:11,29.61,45.07,29.25,44.97,-1.59
2021-08-07 17:42:12,29.61,45.07,29.25,44.97,-1.45
2021-08-07 17:43:12,29.58,45.07,29.25,44.97,-1.03
2021-08-07 17:44:12,29.58,45.07,29.25,44.97,-1.59
2021-08-07 17:45:13,29.56,45.14,29.25,44.97,-1.59
2021-08-07 17:46:13,29.56,45.14,29.25,44.97,-1.03
2021-08-07 17:47:13,29.58,45.07,29.25,44.97,-1.25
2021-08-07 17:48:13,29.58,45.07,29.25,44.97,-1.03
2021-08-07 17:49:14,29.58,45.07,29.25,44.97,-1.25
2021-08-07 17:50:14,29.58,45.07,29.25,44.97,-1.31
2021-08-07 17:51:14,29.58,45.07,29.25,44.9,-1.31
2021-08-07 17:52:15,29.58,45.07,29.25,44.9,-1.31
2021-08-07 17:53:15,29.58,45.07,29.25,44.9,-1.31
2021-08-07 17:54:15,29.58,45.07,29.25,44.9,-1.31
2021-08-07 17:55:15,29.58,45.07,29.25,44.9,-1.31
2021-08-07 17:56:16,29.58,45.0,29.25,44.9,-1.31
2021-08-07 17:57:16,29.58,45.0,29.25,44.9,-1.31
2021-08-07 17:58:16,29.58,45.0,29.25,44.9,-1.31
2021-08-07 17:59:17,29.58,45.0,29.25,44.97,-1.31
2021-08-07 18:00:17,29.58,45.07,29.25,44.97,-1.31
2021-08-07 18:01:17,29.56,45.07,29.25,44.9,-1.31
2021-08-07 18:02:18,29.58,45.07,29.25,44.9,-1.31
2021-08-07 18:03:18,29.58,45.0,29.25,44.9,-1.31
2021-08-07 18:04:18,29.58,44.97,29.25,44.87,-1.31
2021-08-07 18:05:19,29.58,45.07,29.25,44.87,-1.31
2021-08-07 18:06:19,29.58,45.0,29.25,44.97,-1.31
2021-08-07 18:07:19,29.58,45.0,29.25,44.9,-1.31
2021-08-07 18:08:19,29.61,44.8,29.25,44.69,-1.17
2021-08-07 18:09:20,29.61,44.8,29.25,44.69,-1.31
2021-08-07 18:10:20,29.61,44.8,29.25,44.69,-1.31
2021-08-07 18:11:20,29.61,44.8,29.25,44.69,-1.31
2021-08-07 18:12:21,29.61,44.8,29.25,44.69,-1.17
2021-08-07 18:13:21,29.61,44.8,29.25,44.69,-1.31
2021-08-07 18:14:21,29.61,44.8,29.25,44.69,-1.31
2021-08-07 18:15:21,29.61,44.8,29.25,44.77,-1.31
2021-08-07 18:16:22,29.61,44.8,29.29,44.69,-1.31
2021-08-07 18:17:23,29.61,44.8,29.25,44.69,-1.31
2021-08-07 18:18:23,29.61,44.8,29.25,44.69,-1.31
2021-08-07 18:19:23,29.61,44.8,29.29,44.77,-1.31
2021-08-07 18:20:23,29.61,44.8,29.29,44.77,-1.31
2021-08-07 18:21:24,29.61,44.8,29.29,44.77,-1.31
2021-08-07 18:22:24,29.61,44.8,29.29,44.77,-1.31
2021-08-07 18:23:24,29.61,44.87,29.29,44.69,-1.03
2021-08-07 18:24:25,29.61,44.8,29.29,44.69,-1.25
2021-08-07 18:25:25,29.61,44.8,29.29,44.69,-1.25
2021-08-07 18:26:25,29.61,44.8,29.29,44.77,-1.25
2021-08-07 18:27:26,29.61,44.8,29.29,44.77,-1.25
2021-08-07 18:28:26,29.61,44.8,29.29,44.69,-1.1
2021-08-07 18:29:26,29.61,44.8,29.29,44.69,-1.1
2021-08-07 18:30:26,29.61,44.8,29.29,44.69,-1.1
2021-08-07 18:31:27,29.61,44.8,29.29,44.69,-1.25
2021-08-07 18:32:27,29.61,44.87,29.29,44.69,-1.1
2021-08-07 18:33:27,29.61,44.87,29.29,44.77,-1.1
2021-08-07 18:34:28,29.61,44.87,29.29,44.8,-1.1
2021-08-07 18:35:28,29.61,44.87,29.29,44.97,-1.1
2021-08-07 18:36:28,29.61,45.07,29.29,44.97,-1.1
2021-08-07 18:37:28,29.61,45.07,29.29,44.97,-1.25
2021-08-07 18:38:29,29.61,45.07,29.29,44.97,-1.1
2021-08-07 18:39:29,29.61,45.07,29.29,44.97,-1.1
2021-08-07 18:40:29,29.61,45.07,29.29,44.97,-1.1
2021-08-07 18:41:29,29.61,45.07,29.29,44.97,-1.1
2021-08-07 18:42:30,29.61,45.07,29.29,44.97,-1.1
2021-08-07 18:43:30,29.61,45.07,29.29,44.97,-1.1
2021-08-07 18:44:30,29.61,45.07,29.29,44.97,-1.1
2021-08-07 18:45:31,29.61,45.07,29.29,44.97,-1.1
2021-08-07 18:46:31,29.61,45.07,29.29,44.97,-1.1
2021-08-07 18:47:31,29.61,45.07,29.29,44.97,-1.1
2021-08-07 18:48:31,29.61,45.07,29.29,44.97,-1.1
2021-08-07 18:49:32,29.61,45.07,29.29,45.04,-1.1
2021-08-07 18:50:32,29.61,45.07,29.29,45.04,-1.1
2021-08-07 18:51:33,29.61,45.07,29.29,45.04,-1.1
2021-08-07 18:52:33,29.61,45.07,29.29,44.97,-1.1
2021-08-07 18:53:34,29.61,45.07,29.29,45.04,-1.1
2021-08-07 18:54:34,29.61,45.07,29.29,45.04,-1.1
2021-08-07 18:55:34,29.61,45.07,29.29,45.04,-1.25
2021-08-07 18:56:34,29.61,45.07,29.29,45.04,-1.38
2021-08-07 18:57:35,29.61,45.18,29.29,45.04,-1.45
2021-08-07 18:58:35,29.61,45.18,29.29,45.04,-1.45
2021-08-07 18:59:35,29.61,45.14,29.29,45.04,-1.45
2021-08-07 19:00:36,29.61,45.14,29.29,44.97,-1.45
2021-08-07 19:01:36,29.61,45.14,29.29,44.97,-1.45
2021-08-07 19:02:36,29.61,45.14,29.29,45.04,-1.45
2021-08-07 19:03:36,29.61,45.14,29.29,45.07,-1.45
2021-08-07 19:04:37,29.61,45.35,29.29,45.04,-1.17
2021-08-07 19:05:37,29.61,45.35,29.29,44.97,-1.03
2021-08-07 19:06:37,29.61,45.35,29.29,45.04,-1.45
2021-08-07 19:07:38,29.61,45.35,29.29,44.97,-1.45
2021-08-07 19:08:38,29.61,45.35,29.29,44.97,-1.45
2021-08-07 19:09:38,29.61,45.35,29.29,44.97,-1.45
2021-08-07 19:10:39,29.61,45.35,29.29,44.97,-1.45
2021-08-07 19:11:39,29.61,45.35,29.29,45.04,-1.45
2021-08-07 19:12:39,29.61,45.35,29.29,45.07,-1.45
2021-08-07 19:13:40,29.61,45.35,29.29,45.07,-1.45
2021-08-07 19:14:40,29.61,45.35,29.29,45.25,-1.45
2021-08-07 19:15:40,29.61,45.35,29.29,45.25,-1.45
2021-08-07 19:16:41,29.61,45.35,29.29,45.25,-1.45
2021-08-07 19:17:41,29.61,45.35,29.29,45.25,-1.45
2021-08-07 19:18:41,29.61,45.35,29.29,45.25,-1.45
2021-08-07 19:19:42,29.61,45.35,29.29,45.25,-1.45
2021-08-07 19:20:42,29.61,45.42,29.29,45.25,-1.45
2021-08-07 19:21:42,29.61,45.35,29.29,45.25,-1.45
2021-08-07 19:22:43,29.61,45.35,29.29,45.25,-1.45
2021-08-07 19:23:43,29.61,45.35,29.29,45.25,-1.45
2021-08-07 19:24:43,29.61,45.42,29.29,45.25,-1.45
2021-08-07 19:25:43,29.61,45.35,29.29,45.25,-1.45
2021-08-07 19:26:44,29.61,45.42,29.29,45.25,-1.45
2021-08-07 19:27:44,29.61,45.42,29.29,45.25,-1.45
2021-08-07 19:28:44,29.61,45.63,29.29,45.25,-1.31
2021-08-07 19:29:45,29.61,45.63,29.29,45.25,-1.45
2021-08-07 19:30:45,29.61,45.63,29.29,45.25,-1.45
2021-08-07 19:31:45,29.61,45.63,29.29,45.32,-1.45
2021-08-07 19:32:46,29.61,45.63,29.29,45.32,-1.45
2021-08-07 19:33:46,29.61,45.63,29.29,45.32,-1.45
2021-08-07 19:34:46,29.61,45.63,29.29,45.35,-1.45
2021-08-07 19:35:46,29.61,45.63,29.29,45.52,-1.45
2021-08-07 19:36:47,29.61,45.63,29.29,45.52,-1.45
2021-08-07 19:37:48,29.65,45.63,29.29,45.52,-1.45
2021-08-07 19:38:48,29.65,45.63,29.29,45.52,-1.45
2021-08-07 19:39:48,29.65,45.63,29.29,45.52,-1.45
2021-08-07 19:40:49,29.65,45.63,29.29,45.52,-1.45
2021-08-07 19:41:49,29.65,45.63,29.29,45.52,-1.45
2021-08-07 19:42:49,29.65,45.63,29.29,45.52,-1.45
2021-08-07 19:43:49,29.65,45.63,29.29,45.59,-1.45
2021-08-07 19:44:50,29.65,45.63,29.29,45.52,-1.45
2021-08-07 19:45:50,29.65,45.63,29.29,45.52,-1.45
2021-08-07 19:46:50,29.65,45.69,29.29,45.59,-1.45
2021-08-07 19:47:51,29.65,45.69,29.29,45.52,-1.45
2021-08-07 19:48:51,29.61,45.69,29.29,45.52,-1.45
2021-08-07 19:49:51,29.65,45.63,29.29,45.59,-1.45
2021-08-07 19:50:52,29.65,45.69,29.29,45.59,-1.45
2021-08-07 19:51:52,29.65,45.69,29.29,45.59,-1.45
2021-08-07 19:52:52,29.65,45.9,29.29,45.59,-1.45
2021-08-07 19:53:52,29.65,45.9,29.29,45.63,-1.45
2021-08-07 19:54:53,29.65,45.9,29.29,45.63,-1.45
2021-08-07 19:55:53,29.65,45.9,29.29,45.8,-1.45
2021-08-07 19:56:53,29.65,45.9,29.29,45.8,-1.45
2021-08-07 19:57:54,29.65,45.97,29.29,45.8,-1.45
2021-08-07 19:58:54,29.65,45.9,29.29,45.8,-1.45
2021-08-07 19:59:54,29.65,45.9,29.29,45.8,-1.45
2021-08-07 20:00:55,29.65,45.9,29.29,45.8,-1.45
2021-08-07 20:01:55,29.65,45.9,29.29,45.8,-1.45
2021-08-07 20:02:56,29.65,45.9,29.29,45.8,-1.45
2021-08-07 20:03:56,29.65,45.9,29.29,45.8,-1.45
2021-08-07 20:04:56,29.65,45.9,29.29,45.8,-1.45
2021-08-07 20:05:57,29.65,45.9,29.29,45.8,-1.45
2021-08-07 20:06:57,29.65,45.9,29.29,45.8,-1.45
2021-08-07 20:07:57,29.65,45.97,29.29,45.8,-1.45
2021-08-07 20:08:58,29.65,45.9,29.29,45.8,-1.45
2021-08-07 20:09:58,29.65,45.9,29.29,45.87,-1.45
2021-08-07 20:10:59,29.67,45.97,29.29,45.87,-1.45
2021-08-07 20:11:59,29.65,45.97,29.29,45.8,-1.45
2021-08-07 20:13:00,29.65,45.9,29.29,45.87,-1.45
2021-08-07 20:14:00,29.65,45.9,29.29,45.87,-1.45
2021-08-07 20:15:00,29.67,45.9,29.29,45.9,-1.45
2021-08-07 20:16:00,29.65,46.0,29.29,45.9,-1.45
2021-08-07 20:17:01,29.65,46.18,29.32,45.9,-1.45
2021-08-07 20:18:01,29.65,46.18,29.32,45.87,-1.59
2021-08-07 20:19:01,29.67,46.18,29.32,45.9,-1.31
2021-08-07 20:20:02,29.65,46.18,29.29,45.9,-1.31
2021-08-07 20:21:02,29.65,46.18,29.29,46.07,-1.31
2021-08-07 20:22:02,29.67,46.18,29.29,46.07,-1.31
2021-08-07 20:23:03,29.67,46.18,29.29,46.07,-1.31
2021-08-07 20:24:03,29.65,46.18,29.32,46.07,-1.31
2021-08-07 20:25:03,29.65,46.18,29.32,46.07,-1.31
2021-08-07 20:26:04,29.67,46.18,29.32,46.07,-1.31
2021-08-07 20:27:04,29.67,46.18,29.32,46.07,-1.31
2021-08-07 20:28:04,29.67,46.18,29.32,46.07,-1.31
2021-08-07 20:29:04,29.65,46.18,29.32,46.07,-1.31
2021-08-07 20:30:05,29.67,46.18,29.32,46.07,-1.31
2021-08-07 20:31:05,29.67,46.18,29.32,46.07,-1.31
2021-08-07 20:32:05,29.65,46.25,29.32,46.07,-1.31
2021-08-07 20:33:06,29.65,46.25,29.32,46.07,-1.31
2021-08-07 20:34:06,29.67,46.25,29.32,46.07,-1.31
2021-08-07 20:35:06,29.65,46.45,29.32,46.07,-1.31
2021-08-07 20:36:06,29.67,46.35,29.32,46.07,-1.31
2021-08-07 20:37:07,29.67,46.45,29.32,46.07,-1.31
2021-08-07 20:38:07,29.67,46.45,29.32,46.07,-1.31
2021-08-07 20:39:07,29.67,46.45,29.32,46.07,-1.31
2021-08-07 20:40:08,29.67,46.45,29.32,46.07,-1.31
2021-08-07 20:41:08,29.67,46.45,29.32,46.14,-1.31
2021-08-07 20:42:08,29.67,46.45,29.32,46.14,-1.31
2021-08-07 20:43:09,29.67,46.45,29.32,46.14,-1.31
2021-08-07 20:44:09,29.67,46.45,29.32,46.14,-1.31
2021-08-07 20:45:09,29.67,46.52,29.32,46.14,-1.31
2021-08-07 20:46:09,29.67,46.45,29.32,46.18,-1.31
2021-08-07 20:47:10,29.67,46.45,29.32,46.18,-1.31
2021-08-07 20:48:10,29.67,46.45,29.32,46.18,-1.31
2021-08-07 20:49:10,29.65,46.52,29.32,46.18,-1.31
2021-08-07 20:50:11,29.67,46.45,29.32,46.18,-1.31
2021-08-07 20:51:11,29.67,46.45,29.32,46.35,-1.31
2021-08-07 20:52:11,29.67,46.52,29.32,46.35,-1.31
2021-08-07 20:53:12,29.67,46.45,29.32,46.35,-1.31
2021-08-07 20:54:12,29.67,46.45,29.32,46.35,-1.31
2021-08-07 20:55:12,29.67,46.52,29.32,46.35,-1.31
2021-08-07 20:56:12,29.67,46.45,29.32,46.35,-1.31
2021-08-07 20:57:13,29.67,46.45,29.32,46.35,-1.31
2021-08-07 20:58:13,29.75,46.45,29.32,46.35,-1.31
2021-08-07 20:59:14,29.75,46.45,29.32,46.35,-1.31
